id,function,function_num
WP_000002071.1,no_hit,11
WP_000002683.1,lysis,1
WP_000002973.1,no_hit,11
WP_000003566.1,no_hit,11
WP_000003759.1,unknown_function,9
WP_000003870.1,no_hit,11
WP_000004085.1,no_hit,11
WP_000004335.1,moron_auxiliary_metabolic_gene_and_host_takeover,8
WP_000004981.1,no_hit,11
WP_000005212.1,transcription_regulation,7
WP_000005886.1,unknown_function,9
WP_000006110.1,transcription_regulation,7
WP_000006551.1,transcription_regulation,7
WP_000007678.1,head_and_packaging,5
WP_000007967.1,unknown_function,9
WP_000008673.1,no_hit,11
WP_000009069.1,moron_auxiliary_metabolic_gene_and_host_takeover,8
WP_000009238.1,unknown_function,9
WP_000011542.1,moron_auxiliary_metabolic_gene_and_host_takeover,8
WP_000011687.1,unknown_function,9
WP_000011688.1,unknown_function,9
WP_000011826.1,unknown_function,9
WP_000017736.1,moron_auxiliary_metabolic_gene_and_host_takeover,8
WP_000018608.1,no_hit,11
WP_000019127.1,moron_auxiliary_metabolic_gene_and_host_takeover,8
WP_000019691.1,no_hit,11
WP_000019734.1,unknown_function,9
WP_000020304.1,other,6
WP_000020347.1,other,6
WP_000020814.1,head_and_packaging,5
WP_000020853.1,no_hit,11
WP_000021445.1,no_hit,11
WP_000021865.1,moron_auxiliary_metabolic_gene_and_host_takeover,8
WP_000022323.1,no_hit,11
WP_000023319.1,no_hit,11
WP_000024139.1,no_hit,11
WP_000024827.1,no_hit,11
WP_000025274.1,no_hit,11
WP_000025835.1,moron_auxiliary_metabolic_gene_and_host_takeover,8
WP_000026189.1,moron_auxiliary_metabolic_gene_and_host_takeover,8
WP_000026308.1,transcription_regulation,7
WP_000027919.1,head_and_packaging,5
WP_000028663.1,no_hit,11
WP_000028669.1,no_hit,11
WP_000029196.1,moron_auxiliary_metabolic_gene_and_host_takeover,8
WP_000029430.1,moron_auxiliary_metabolic_gene_and_host_takeover,8
WP_000029536.1,unknown_function,9
WP_000030072.1,no_hit,11
WP_000030811.1,no_hit,11
WP_000031108.1,transcription_regulation,7
WP_000031262.1,other,6
WP_000031401.1,moron_auxiliary_metabolic_gene_and_host_takeover,8
WP_000031490.1,no_hit,11
WP_000031892.1,unknown_function,9
WP_000032657.1,no_hit,11
WP_000032740.1,no_hit,11
WP_000032836.1,moron_auxiliary_metabolic_gene_and_host_takeover,8
WP_000032848.1,no_hit,11
WP_000033477.1,moron_auxiliary_metabolic_gene_and_host_takeover,8
WP_000034497.1,no_hit,11
WP_000034716.1,no_hit,11
WP_000034728.1,no_hit,11
WP_000034846.1,moron_auxiliary_metabolic_gene_and_host_takeover,8
WP_000034961.1,no_hit,11
WP_000035058.1,tail,2
WP_000035320.1,no_hit,11
WP_000035746.1,moron_auxiliary_metabolic_gene_and_host_takeover,8
WP_000036002.1,no_hit,11
WP_000036076.1,no_hit,11
WP_000036086.1,unknown_function,9
WP_000036330.1,unknown_function,9
WP_000036633.1,no_hit,11
WP_000037075.1,unknown_function,9
WP_000037322.1,no_hit,11
WP_000038240.1,transcription_regulation,7
WP_000038527.1,no_hit,11
WP_000038968.1,moron_auxiliary_metabolic_gene_and_host_takeover,8
WP_000040051.1,no_hit,11
WP_000040063.1,no_hit,11
WP_000040588.1,dna_rna_and_nucleotide_metabolism,4
WP_000040866.1,no_hit,11
WP_000041880.1,no_hit,11
WP_000041897.1,no_hit,11
WP_000043237.1,no_hit,11
WP_000043635.1,no_hit,11
WP_000044362.1,no_hit,11
WP_000044547.1,tail,2
WP_000044799.1,dna_rna_and_nucleotide_metabolism,4
WP_000046022.1,unknown_function,9
WP_000046076.1,no_hit,11
WP_000046602.1,no_hit,11
WP_000047009.1,dna_rna_and_nucleotide_metabolism,4
WP_000047255.1,unknown_function,9
WP_000047343.1,no_hit,11
WP_000047811.1,no_hit,11
WP_000048060.1,unknown_function,9
WP_000048129.1,unknown_function,9
WP_000048712.1,no_hit,11
WP_000049145.1,moron_auxiliary_metabolic_gene_and_host_takeover,8
WP_000049484.1,other,6
WP_000049921.1,unknown_function,9
WP_000050760.1,no_hit,11
WP_000051210.1,unknown_function,9
WP_000052076.1,unknown_function,9
WP_000052315.1,unknown_function,9
WP_000052590.1,no_hit,11
WP_000052781.1,no_hit,11
WP_000054612.1,moron_auxiliary_metabolic_gene_and_host_takeover,8
WP_000055337.1,transcription_regulation,7
WP_000055856.1,no_hit,11
WP_000057330.1,no_hit,11
WP_000057543.1,no_hit,11
WP_000057594.1,head_and_packaging,5
WP_000058389.1,no_hit,11
WP_000059051.1,unknown_function,9
WP_000060771.1,moron_auxiliary_metabolic_gene_and_host_takeover,8
WP_000062407.1,no_hit,11
WP_000063580.1,moron_auxiliary_metabolic_gene_and_host_takeover,8
WP_000064078.1,no_hit,11
WP_000064214.1,head_and_packaging,5
WP_000064778.1,moron_auxiliary_metabolic_gene_and_host_takeover,8
WP_000065030.1,no_hit,11
WP_000066053.1,no_hit,11
WP_000066097.1,no_hit,11
WP_000066369.1,no_hit,11
WP_000066378.1,no_hit,11
WP_000066521.1,no_hit,11
WP_000066900.1,transcription_regulation,7
WP_000066931.1,other,6
WP_000067116.1,unknown_function,9
WP_000067268.1,no_hit,11
WP_000067352.1,moron_auxiliary_metabolic_gene_and_host_takeover,8
WP_000068176.1,no_hit,11
WP_000068617.1,no_hit,11
WP_000069098.1,no_hit,11
WP_000069289.1,no_hit,11
WP_000070642.1,no_hit,11
WP_000070831.1,unknown_function,9
WP_000070866.1,no_hit,11
WP_000070966.1,moron_auxiliary_metabolic_gene_and_host_takeover,8
WP_000071351.1,transcription_regulation,7
WP_000071904.1,no_hit,11
WP_000072149.1,moron_auxiliary_metabolic_gene_and_host_takeover,8
WP_000072278.1,no_hit,11
WP_000072461.1,moron_auxiliary_metabolic_gene_and_host_takeover,8
WP_000072584.1,no_hit,11
WP_000072627.1,dna_rna_and_nucleotide_metabolism,4
WP_000072681.1,head_and_packaging,5
WP_000073180.1,no_hit,11
WP_000073195.1,unknown_function,9
WP_000073352.1,dna_rna_and_nucleotide_metabolism,4
WP_000074011.1,no_hit,11
WP_000074049.1,no_hit,11
WP_000075704.1,no_hit,11
WP_000076036.1,no_hit,11
WP_000076404.1,no_hit,11
WP_000076661.1,unknown_function,9
WP_000076690.1,no_hit,11
WP_000076930.1,no_hit,11
WP_000077317.1,dna_rna_and_nucleotide_metabolism,4
WP_000077358.1,dna_rna_and_nucleotide_metabolism,4
WP_000077571.1,no_hit,11
WP_000078092.1,moron_auxiliary_metabolic_gene_and_host_takeover,8
WP_000079317.1,moron_auxiliary_metabolic_gene_and_host_takeover,8
WP_000079447.1,moron_auxiliary_metabolic_gene_and_host_takeover,8
WP_000080028.1,no_hit,11
WP_000080564.1,dna_rna_and_nucleotide_metabolism,4
WP_000081231.1,head_and_packaging,5
WP_000081602.1,moron_auxiliary_metabolic_gene_and_host_takeover,8
WP_000082539.1,head_and_packaging,5
WP_000082559.1,no_hit,11
WP_000082725.1,no_hit,11
WP_000083807.1,moron_auxiliary_metabolic_gene_and_host_takeover,8
WP_000084769.1,unknown_function,9
WP_000084830.1,no_hit,11
WP_000087103.1,no_hit,11
WP_000087385.1,unknown_function,9
WP_000087561.1,transcription_regulation,7
WP_000088195.1,unknown_function,9
WP_000088431.1,no_hit,11
WP_000088649.1,other,6
WP_000089941.1,no_hit,11
WP_000090315.1,other,6
WP_000090512.1,no_hit,11
WP_000090796.1,connector,3
WP_000091442.1,unknown_function,9
WP_000091975.1,no_hit,11
WP_000093349.1,dna_rna_and_nucleotide_metabolism,4
WP_000094583.1,no_hit,11
WP_000095328.1,no_hit,11
WP_000097322.1,no_hit,11
WP_000097460.1,no_hit,11
WP_000098285.1,no_hit,11
WP_000101279.1,no_hit,11
WP_000101625.1,connector,3
WP_000101976.1,no_hit,11
WP_000102729.1,no_hit,11
WP_000105070.1,dna_rna_and_nucleotide_metabolism,4
WP_000106141.1,no_hit,11
WP_000106185.1,transcription_regulation,7
WP_000106332.1,unknown_function,9
WP_000108668.1,no_hit,11
WP_000109877.1,no_hit,11
WP_000109906.1,dna_rna_and_nucleotide_metabolism,4
WP_000110007.1,no_hit,11
WP_000110253.1,no_hit,11
WP_000110600.1,no_hit,11
WP_000111117.1,unknown_function,9
WP_000111491.1,other,6
WP_000113265.1,dna_rna_and_nucleotide_metabolism,4
WP_000113851.1,connector,3
WP_000114226.1,no_hit,11
WP_000116228.1,dna_rna_and_nucleotide_metabolism,4
WP_000116416.1,no_hit,11
WP_000118314.1,no_hit,11
WP_000119405.1,integration_and_excision,10
WP_000119690.1,unknown_function,9
WP_000120109.1,moron_auxiliary_metabolic_gene_and_host_takeover,8
WP_000120296.1,no_hit,11
WP_000120368.1,moron_auxiliary_metabolic_gene_and_host_takeover,8
WP_000120494.1,no_hit,11
WP_000120549.1,no_hit,11
WP_000120603.1,unknown_function,9
WP_000121119.1,moron_auxiliary_metabolic_gene_and_host_takeover,8
WP_000121875.1,no_hit,11
WP_000122354.1,no_hit,11
WP_000122710.1,unknown_function,9
WP_000123165.1,head_and_packaging,5
WP_000123398.1,no_hit,11
WP_000124353.1,no_hit,11
WP_000125705.1,other,6
WP_000127573.1,head_and_packaging,5
WP_000127595.1,no_hit,11
WP_000127990.1,no_hit,11
WP_000128366.1,unknown_function,9
WP_000128655.1,no_hit,11
WP_000128909.1,no_hit,11
WP_000129068.1,other,6
WP_000129417.1,no_hit,11
WP_000129659.1,no_hit,11
WP_000130149.1,no_hit,11
WP_000130454.1,dna_rna_and_nucleotide_metabolism,4
WP_000131842.1,dna_rna_and_nucleotide_metabolism,4
WP_000132890.1,no_hit,11
WP_000133961.1,no_hit,11
WP_000134236.1,no_hit,11
WP_000134526.1,no_hit,11
WP_000134765.1,dna_rna_and_nucleotide_metabolism,4
WP_000134779.1,no_hit,11
WP_000134963.1,no_hit,11
WP_000136054.1,no_hit,11
WP_000136162.1,no_hit,11
WP_000136260.1,no_hit,11
WP_000136487.1,other,6
WP_000136633.1,moron_auxiliary_metabolic_gene_and_host_takeover,8
WP_000136952.1,no_hit,11
WP_000137774.1,no_hit,11
WP_000138218.1,other,6
WP_000138336.1,no_hit,11
WP_000138415.1,no_hit,11
WP_000138487.1,no_hit,11
WP_000138654.1,moron_auxiliary_metabolic_gene_and_host_takeover,8
WP_000138932.1,unknown_function,9
WP_000139181.1,moron_auxiliary_metabolic_gene_and_host_takeover,8
WP_000139712.1,dna_rna_and_nucleotide_metabolism,4
WP_000140050.1,moron_auxiliary_metabolic_gene_and_host_takeover,8
WP_000140172.1,no_hit,11
WP_000140679.1,no_hit,11
WP_000141109.1,no_hit,11
WP_000141432.1,no_hit,11
WP_000141557.1,no_hit,11
WP_000141941.1,moron_auxiliary_metabolic_gene_and_host_takeover,8
WP_000142044.1,moron_auxiliary_metabolic_gene_and_host_takeover,8
WP_000142138.1,moron_auxiliary_metabolic_gene_and_host_takeover,8
WP_000142198.1,head_and_packaging,5
WP_000143425.1,other,6
WP_000143494.1,no_hit,11
WP_000143615.1,unknown_function,9
WP_000143647.1,moron_auxiliary_metabolic_gene_and_host_takeover,8
WP_000145163.1,unknown_function,9
WP_000145499.1,moron_auxiliary_metabolic_gene_and_host_takeover,8
WP_000145511.1,transcription_regulation,7
WP_000145577.1,no_hit,11
WP_000146747.1,no_hit,11
WP_000147095.1,moron_auxiliary_metabolic_gene_and_host_takeover,8
WP_000147103.1,unknown_function,9
WP_000148333.1,dna_rna_and_nucleotide_metabolism,4
WP_000148598.1,no_hit,11
WP_000148826.1,other,6
WP_000148852.1,no_hit,11
WP_000149064.1,moron_auxiliary_metabolic_gene_and_host_takeover,8
WP_000149278.1,head_and_packaging,5
WP_000149295.1,no_hit,11
WP_000149344.1,no_hit,11
WP_000149407.1,no_hit,11
WP_000149423.1,moron_auxiliary_metabolic_gene_and_host_takeover,8
WP_000149502.1,no_hit,11
WP_000149686.1,other,6
WP_000150011.1,no_hit,11
WP_000150169.1,no_hit,11
WP_000150197.1,dna_rna_and_nucleotide_metabolism,4
WP_000150936.1,transcription_regulation,7
WP_000151110.1,no_hit,11
WP_000151982.1,no_hit,11
WP_000152582.1,moron_auxiliary_metabolic_gene_and_host_takeover,8
WP_000153347.1,no_hit,11
WP_000153479.1,dna_rna_and_nucleotide_metabolism,4
WP_000153535.1,transcription_regulation,7
WP_000153613.1,no_hit,11
WP_000153640.1,transcription_regulation,7
WP_000154162.1,no_hit,11
WP_000154218.1,dna_rna_and_nucleotide_metabolism,4
WP_000154465.1,moron_auxiliary_metabolic_gene_and_host_takeover,8
WP_000154537.1,dna_rna_and_nucleotide_metabolism,4
WP_000154559.1,head_and_packaging,5
WP_000154683.1,moron_auxiliary_metabolic_gene_and_host_takeover,8
WP_000154921.1,no_hit,11
WP_000155386.1,moron_auxiliary_metabolic_gene_and_host_takeover,8
WP_000157348.1,unknown_function,9
WP_000157603.1,no_hit,11
WP_000157630.1,moron_auxiliary_metabolic_gene_and_host_takeover,8
WP_000157650.1,no_hit,11
WP_000158375.1,moron_auxiliary_metabolic_gene_and_host_takeover,8
WP_000158423.1,no_hit,11
WP_000159014.1,no_hit,11
WP_000159041.1,no_hit,11
WP_000159577.1,no_hit,11
WP_000159631.1,no_hit,11
WP_000159750.1,lysis,1
WP_000159787.1,unknown_function,9
WP_000159839.1,no_hit,11
WP_000159865.1,unknown_function,9
WP_000159900.1,no_hit,11
WP_000159960.1,no_hit,11
WP_000160212.1,no_hit,11
WP_000160304.1,no_hit,11
WP_000160435.1,no_hit,11
WP_000160471.1,no_hit,11
WP_000160859.1,no_hit,11
WP_000160906.1,no_hit,11
WP_000161291.1,no_hit,11
WP_000161311.1,no_hit,11
WP_000161369.1,no_hit,11
WP_000161545.1,no_hit,11
WP_000161666.1,dna_rna_and_nucleotide_metabolism,4
WP_000161745.1,no_hit,11
WP_000161829.1,no_hit,11
WP_000161938.1,no_hit,11
WP_000162661.1,moron_auxiliary_metabolic_gene_and_host_takeover,8
WP_000162810.1,dna_rna_and_nucleotide_metabolism,4
WP_000162881.1,no_hit,11
WP_000163283.1,no_hit,11
WP_000163416.1,no_hit,11
WP_000163523.1,head_and_packaging,5
WP_000163628.1,no_hit,11
WP_000163737.1,other,6
WP_000163820.1,dna_rna_and_nucleotide_metabolism,4
WP_000163826.1,no_hit,11
WP_000164003.1,no_hit,11
WP_000164332.1,moron_auxiliary_metabolic_gene_and_host_takeover,8
WP_000164421.1,no_hit,11
WP_000164546.1,no_hit,11
WP_000164959.1,no_hit,11
WP_000165371.1,transcription_regulation,7
WP_000165530.1,no_hit,11
WP_000166063.1,no_hit,11
WP_000166801.1,unknown_function,9
WP_000166892.1,moron_auxiliary_metabolic_gene_and_host_takeover,8
WP_000166920.1,no_hit,11
WP_000167269.1,no_hit,11
WP_000167314.1,no_hit,11
WP_000167542.1,no_hit,11
WP_000167867.1,no_hit,11
WP_000167944.1,no_hit,11
WP_000167979.1,dna_rna_and_nucleotide_metabolism,4
WP_000168845.1,moron_auxiliary_metabolic_gene_and_host_takeover,8
WP_000169042.1,transcription_regulation,7
WP_000169224.1,no_hit,11
WP_000169317.1,no_hit,11
WP_000170162.1,no_hit,11
WP_000170400.1,moron_auxiliary_metabolic_gene_and_host_takeover,8
WP_000170596.1,dna_rna_and_nucleotide_metabolism,4
WP_000171418.1,no_hit,11
WP_000171645.1,no_hit,11
WP_000171798.1,moron_auxiliary_metabolic_gene_and_host_takeover,8
WP_000171859.1,lysis,1
WP_000171919.1,no_hit,11
WP_000172350.1,dna_rna_and_nucleotide_metabolism,4
WP_000172535.1,no_hit,11
WP_000173331.1,dna_rna_and_nucleotide_metabolism,4
WP_000173833.1,head_and_packaging,5
WP_000173871.1,moron_auxiliary_metabolic_gene_and_host_takeover,8
WP_000173891.1,moron_auxiliary_metabolic_gene_and_host_takeover,8
WP_000174053.1,no_hit,11
WP_000174284.1,dna_rna_and_nucleotide_metabolism,4
WP_000174573.1,unknown_function,9
WP_000175722.1,no_hit,11
WP_000175746.1,no_hit,11
WP_000175854.1,no_hit,11
WP_000176393.1,no_hit,11
WP_000177465.1,no_hit,11
WP_000177998.1,moron_auxiliary_metabolic_gene_and_host_takeover,8
WP_000178308.1,no_hit,11
WP_000178881.1,no_hit,11
WP_000179343.1,integration_and_excision,10
WP_000180234.1,no_hit,11
WP_000180281.1,dna_rna_and_nucleotide_metabolism,4
WP_000180416.1,moron_auxiliary_metabolic_gene_and_host_takeover,8
WP_000180460.1,unknown_function,9
WP_000180600.1,dna_rna_and_nucleotide_metabolism,4
WP_000180688.1,dna_rna_and_nucleotide_metabolism,4
WP_000180991.1,no_hit,11
WP_000181124.1,tail,2
WP_000181315.1,no_hit,11
WP_000181394.1,no_hit,11
WP_000181402.1,connector,3
WP_000181832.1,unknown_function,9
WP_000182021.1,connector,3
WP_000182211.1,head_and_packaging,5
WP_000182645.1,transcription_regulation,7
WP_000182654.1,no_hit,11
WP_000182746.1,head_and_packaging,5
WP_000182842.1,dna_rna_and_nucleotide_metabolism,4
WP_000183383.1,no_hit,11
WP_000183668.1,no_hit,11
WP_000183717.1,no_hit,11
WP_000183771.1,no_hit,11
WP_000184229.1,unknown_function,9
WP_000184336.1,no_hit,11
WP_000184370.1,unknown_function,9
WP_000184383.1,no_hit,11
WP_000184404.1,unknown_function,9
WP_000184741.1,no_hit,11
WP_000184945.1,no_hit,11
WP_000185319.1,no_hit,11
WP_000185693.1,no_hit,11
WP_000185863.1,no_hit,11
WP_000186029.1,dna_rna_and_nucleotide_metabolism,4
WP_000186117.1,other,6
WP_000186134.1,other,6
WP_000186223.1,no_hit,11
WP_000186309.1,other,6
WP_000186490.1,no_hit,11
WP_000186933.1,no_hit,11
WP_000190138.1,no_hit,11
WP_000190726.1,moron_auxiliary_metabolic_gene_and_host_takeover,8
WP_000191092.1,moron_auxiliary_metabolic_gene_and_host_takeover,8
WP_000192172.1,dna_rna_and_nucleotide_metabolism,4
WP_000192949.1,no_hit,11
WP_000193707.1,head_and_packaging,5
WP_000193751.1,moron_auxiliary_metabolic_gene_and_host_takeover,8
WP_000193903.1,no_hit,11
WP_000195100.1,no_hit,11
WP_000195254.1,dna_rna_and_nucleotide_metabolism,4
WP_000195784.1,transcription_regulation,7
WP_000195907.1,no_hit,11
WP_000196392.1,transcription_regulation,7
WP_000196911.1,transcription_regulation,7
WP_000197018.1,no_hit,11
WP_000197034.1,no_hit,11
WP_000197262.1,no_hit,11
WP_000197635.1,moron_auxiliary_metabolic_gene_and_host_takeover,8
WP_000197806.1,no_hit,11
WP_000197961.1,moron_auxiliary_metabolic_gene_and_host_takeover,8
WP_000198504.1,dna_rna_and_nucleotide_metabolism,4
WP_000198598.1,no_hit,11
WP_000199066.1,head_and_packaging,5
WP_000200684.1,moron_auxiliary_metabolic_gene_and_host_takeover,8
WP_000200956.1,moron_auxiliary_metabolic_gene_and_host_takeover,8
WP_000201392.1,head_and_packaging,5
WP_000201644.1,no_hit,11
WP_000201875.1,integration_and_excision,10
WP_000202034.1,moron_auxiliary_metabolic_gene_and_host_takeover,8
WP_000202188.1,no_hit,11
WP_000202390.1,no_hit,11
WP_000202433.1,unknown_function,9
WP_000204619.1,moron_auxiliary_metabolic_gene_and_host_takeover,8
WP_000205106.1,connector,3
WP_000205307.1,unknown_function,9
WP_000205567.1,no_hit,11
WP_000206031.1,no_hit,11
WP_000206114.1,unknown_function,9
WP_000206343.1,unknown_function,9
WP_000206625.1,no_hit,11
WP_000207623.1,dna_rna_and_nucleotide_metabolism,4
WP_000207852.1,other,6
WP_000208417.1,unknown_function,9
WP_000208563.1,no_hit,11
WP_000208742.1,moron_auxiliary_metabolic_gene_and_host_takeover,8
WP_000208909.1,no_hit,11
WP_000209551.1,no_hit,11
WP_000210817.1,no_hit,11
WP_000211366.1,dna_rna_and_nucleotide_metabolism,4
WP_000211545.1,no_hit,11
WP_000211597.1,transcription_regulation,7
WP_000211677.1,unknown_function,9
WP_000213885.1,moron_auxiliary_metabolic_gene_and_host_takeover,8
WP_000214070.1,no_hit,11
WP_000214278.1,unknown_function,9
WP_000214552.1,no_hit,11
WP_000214890.1,no_hit,11
WP_000214898.1,unknown_function,9
WP_000215216.1,no_hit,11
WP_000215236.1,no_hit,11
WP_000215388.1,no_hit,11
WP_000215587.1,no_hit,11
WP_000215631.1,moron_auxiliary_metabolic_gene_and_host_takeover,8
WP_000215722.1,no_hit,11
WP_000216725.1,lysis,1
WP_000216856.1,no_hit,11
WP_000216874.1,other,6
WP_000216885.1,unknown_function,9
WP_000216946.1,dna_rna_and_nucleotide_metabolism,4
WP_000217456.1,no_hit,11
WP_000217714.1,unknown_function,9
WP_000218103.1,no_hit,11
WP_000219066.1,no_hit,11
WP_000220507.1,unknown_function,9
WP_000220938.1,no_hit,11
WP_000221177.1,unknown_function,9
WP_000221877.1,other,6
WP_000221945.1,no_hit,11
WP_000222267.1,no_hit,11
WP_000224619.1,no_hit,11
WP_000225836.1,no_hit,11
WP_000226108.1,unknown_function,9
WP_000226919.1,dna_rna_and_nucleotide_metabolism,4
WP_000226989.1,unknown_function,9
WP_000228666.1,other,6
WP_000229241.1,dna_rna_and_nucleotide_metabolism,4
WP_000230173.1,no_hit,11
WP_000230292.1,unknown_function,9
WP_000230358.1,unknown_function,9
WP_000231632.1,unknown_function,9
WP_000233526.1,no_hit,11
WP_000234068.1,unknown_function,9
WP_000234727.1,no_hit,11
WP_000235289.1,no_hit,11
WP_000236427.1,moron_auxiliary_metabolic_gene_and_host_takeover,8
WP_000236726.1,dna_rna_and_nucleotide_metabolism,4
WP_000237528.1,no_hit,11
WP_000238227.1,unknown_function,9
WP_000238236.1,no_hit,11
WP_000238542.1,transcription_regulation,7
WP_000238669.1,other,6
WP_000239131.1,no_hit,11
WP_000239610.1,lysis,1
WP_000239647.1,moron_auxiliary_metabolic_gene_and_host_takeover,8
WP_000239753.1,no_hit,11
WP_000240063.1,no_hit,11
WP_000240113.1,moron_auxiliary_metabolic_gene_and_host_takeover,8
WP_000240338.1,no_hit,11
WP_000240580.1,unknown_function,9
WP_000240642.1,no_hit,11
WP_000240663.1,no_hit,11
WP_000240855.1,unknown_function,9
WP_000240920.1,dna_rna_and_nucleotide_metabolism,4
WP_000241308.1,no_hit,11
WP_000241344.1,no_hit,11
WP_000241588.1,no_hit,11
WP_000241607.1,no_hit,11
WP_000244277.1,no_hit,11
WP_000244415.1,unknown_function,9
WP_000244866.1,no_hit,11
WP_000245682.1,unknown_function,9
WP_000246909.1,lysis,1
WP_000248117.1,no_hit,11
WP_000248732.1,other,6
WP_000248844.1,unknown_function,9
WP_000249497.1,no_hit,11
WP_000249657.1,dna_rna_and_nucleotide_metabolism,4
WP_000249839.1,no_hit,11
WP_000250823.1,no_hit,11
WP_000251253.1,moron_auxiliary_metabolic_gene_and_host_takeover,8
WP_000253231.1,no_hit,11
WP_000253765.1,dna_rna_and_nucleotide_metabolism,4
WP_000255551.1,moron_auxiliary_metabolic_gene_and_host_takeover,8
WP_000255578.1,dna_rna_and_nucleotide_metabolism,4
WP_000256319.1,no_hit,11
WP_000257598.1,no_hit,11
WP_000257888.1,unknown_function,9
WP_000258003.1,no_hit,11
WP_000258150.1,moron_auxiliary_metabolic_gene_and_host_takeover,8
WP_000258645.1,no_hit,11
WP_000258716.1,no_hit,11
WP_000259692.1,no_hit,11
WP_000259717.1,no_hit,11
WP_000260117.1,no_hit,11
WP_000261115.1,unknown_function,9
WP_000261962.1,other,6
WP_000262640.1,dna_rna_and_nucleotide_metabolism,4
WP_000262698.1,no_hit,11
WP_000264071.1,no_hit,11
WP_000265417.1,no_hit,11
WP_000266096.1,other,6
WP_000266884.1,moron_auxiliary_metabolic_gene_and_host_takeover,8
WP_000267034.1,moron_auxiliary_metabolic_gene_and_host_takeover,8
WP_000267236.1,tail,2
WP_000268484.1,no_hit,11
WP_000268740.1,tail,2
WP_000268754.1,no_hit,11
WP_000269923.1,moron_auxiliary_metabolic_gene_and_host_takeover,8
WP_000271550.1,no_hit,11
WP_000272056.1,other,6
WP_000273007.1,unknown_function,9
WP_000273253.1,unknown_function,9
WP_000273358.1,no_hit,11
WP_000273371.1,no_hit,11
WP_000273824.1,no_hit,11
WP_000273982.1,no_hit,11
WP_000274029.1,moron_auxiliary_metabolic_gene_and_host_takeover,8
WP_000274855.1,no_hit,11
WP_000275727.1,no_hit,11
WP_000276367.1,moron_auxiliary_metabolic_gene_and_host_takeover,8
WP_000276759.1,no_hit,11
WP_000277419.1,no_hit,11
WP_000277602.1,no_hit,11
WP_000277968.1,no_hit,11
WP_000278015.1,transcription_regulation,7
WP_000278088.1,dna_rna_and_nucleotide_metabolism,4
WP_000278313.1,no_hit,11
WP_000278556.1,moron_auxiliary_metabolic_gene_and_host_takeover,8
WP_000279361.1,moron_auxiliary_metabolic_gene_and_host_takeover,8
WP_000279414.1,no_hit,11
WP_000279926.1,no_hit,11
WP_000280799.1,no_hit,11
WP_000282171.1,moron_auxiliary_metabolic_gene_and_host_takeover,8
WP_000282298.1,no_hit,11
WP_000282386.1,unknown_function,9
WP_000283016.1,dna_rna_and_nucleotide_metabolism,4
WP_000284436.1,dna_rna_and_nucleotide_metabolism,4
WP_000284458.1,no_hit,11
WP_000284765.1,dna_rna_and_nucleotide_metabolism,4
WP_000285020.1,no_hit,11
WP_000285450.1,no_hit,11
WP_000286459.1,no_hit,11
WP_000286875.1,no_hit,11
WP_000287207.1,no_hit,11
WP_000287265.1,moron_auxiliary_metabolic_gene_and_host_takeover,8
WP_000287588.1,no_hit,11
WP_000287924.1,no_hit,11
WP_000289136.1,transcription_regulation,7
WP_000289215.1,transcription_regulation,7
WP_000290301.1,no_hit,11
WP_000290397.1,no_hit,11
WP_000290472.1,transcription_regulation,7
WP_000290491.1,no_hit,11
WP_000290674.1,moron_auxiliary_metabolic_gene_and_host_takeover,8
WP_000291420.1,no_hit,11
WP_000291444.1,no_hit,11
WP_000291510.1,unknown_function,9
WP_000291840.1,no_hit,11
WP_000312768.1,dna_rna_and_nucleotide_metabolism,4
WP_000323161.1,moron_auxiliary_metabolic_gene_and_host_takeover,8
WP_000323441.1,other,6
WP_000331330.1,dna_rna_and_nucleotide_metabolism,4
WP_000332063.1,transcription_regulation,7
WP_000334463.1,other,6
WP_000334518.1,no_hit,11
WP_000337368.1,no_hit,11
WP_000338528.1,no_hit,11
WP_000340119.1,no_hit,11
WP_000340465.1,dna_rna_and_nucleotide_metabolism,4
WP_000340977.1,no_hit,11
WP_000342131.1,no_hit,11
WP_000342182.1,no_hit,11
WP_000342258.1,no_hit,11
WP_000344334.1,unknown_function,9
WP_000344352.1,no_hit,11
WP_000347061.1,moron_auxiliary_metabolic_gene_and_host_takeover,8
WP_000347896.1,unknown_function,9
WP_000348300.1,no_hit,11
WP_000348364.1,no_hit,11
WP_000349581.1,no_hit,11
WP_000349655.1,moron_auxiliary_metabolic_gene_and_host_takeover,8
WP_000350970.1,no_hit,11
WP_000351761.1,no_hit,11
WP_000353630.1,moron_auxiliary_metabolic_gene_and_host_takeover,8
WP_000353954.1,no_hit,11
WP_000354088.1,moron_auxiliary_metabolic_gene_and_host_takeover,8
WP_000354114.1,moron_auxiliary_metabolic_gene_and_host_takeover,8
WP_000354180.1,no_hit,11
WP_000355845.1,moron_auxiliary_metabolic_gene_and_host_takeover,8
WP_000356942.1,no_hit,11
WP_000356963.1,transcription_regulation,7
WP_000356975.1,no_hit,11
WP_000358006.1,no_hit,11
WP_000358498.1,no_hit,11
WP_000358774.1,unknown_function,9
WP_000358995.1,no_hit,11
WP_000359086.1,no_hit,11
WP_000361059.1,transcription_regulation,7
WP_000361540.1,dna_rna_and_nucleotide_metabolism,4
WP_000362218.1,no_hit,11
WP_000362356.1,other,6
WP_000362509.1,no_hit,11
WP_000362976.1,no_hit,11
WP_000364542.1,connector,3
WP_000365240.1,no_hit,11
WP_000365312.1,moron_auxiliary_metabolic_gene_and_host_takeover,8
WP_000365354.1,no_hit,11
WP_000366163.1,dna_rna_and_nucleotide_metabolism,4
WP_000367062.1,moron_auxiliary_metabolic_gene_and_host_takeover,8
WP_000367419.1,other,6
WP_000368166.1,no_hit,11
WP_000368226.1,other,6
WP_000368338.1,no_hit,11
WP_000368656.1,no_hit,11
WP_000368902.1,no_hit,11
WP_000369214.1,no_hit,11
WP_000369722.1,dna_rna_and_nucleotide_metabolism,4
WP_000370122.1,dna_rna_and_nucleotide_metabolism,4
WP_000370182.1,transcription_regulation,7
WP_000370925.1,no_hit,11
WP_000372758.1,no_hit,11
WP_000373073.1,moron_auxiliary_metabolic_gene_and_host_takeover,8
WP_000375647.1,no_hit,11
WP_000375683.1,no_hit,11
WP_000375864.1,no_hit,11
WP_000376235.1,transcription_regulation,7
WP_000377064.1,no_hit,11
WP_000379044.1,no_hit,11
WP_000379098.1,moron_auxiliary_metabolic_gene_and_host_takeover,8
WP_000379821.1,unknown_function,9
WP_000379895.1,no_hit,11
WP_000379980.1,no_hit,11
WP_000381244.1,no_hit,11
WP_000381269.1,moron_auxiliary_metabolic_gene_and_host_takeover,8
WP_000381849.1,moron_auxiliary_metabolic_gene_and_host_takeover,8
WP_000382585.1,no_hit,11
WP_000383180.1,no_hit,11
WP_000383814.1,no_hit,11
WP_000384171.1,unknown_function,9
WP_000384523.1,moron_auxiliary_metabolic_gene_and_host_takeover,8
WP_000384691.1,dna_rna_and_nucleotide_metabolism,4
WP_000386367.1,no_hit,11
WP_000387527.1,no_hit,11
WP_000388082.1,no_hit,11
WP_000389524.1,no_hit,11
WP_000389658.1,moron_auxiliary_metabolic_gene_and_host_takeover,8
WP_000389759.1,unknown_function,9
WP_000389956.1,moron_auxiliary_metabolic_gene_and_host_takeover,8
WP_000390332.1,no_hit,11
WP_000390524.1,integration_and_excision,10
WP_000390575.1,no_hit,11
WP_000390829.1,no_hit,11
WP_000391031.1,no_hit,11
WP_000392691.1,no_hit,11
WP_000394698.1,no_hit,11
WP_000394911.1,unknown_function,9
WP_000395153.1,moron_auxiliary_metabolic_gene_and_host_takeover,8
WP_000395692.1,unknown_function,9
WP_000396077.1,no_hit,11
WP_000397416.1,transcription_regulation,7
WP_000398672.1,unknown_function,9
WP_000398941.1,moron_auxiliary_metabolic_gene_and_host_takeover,8
WP_000400021.1,other,6
WP_000401377.1,no_hit,11
WP_000401414.1,no_hit,11
WP_000401969.1,no_hit,11
WP_000402171.1,moron_auxiliary_metabolic_gene_and_host_takeover,8
WP_000402651.1,moron_auxiliary_metabolic_gene_and_host_takeover,8
WP_000402803.1,lysis,1
WP_000402904.1,no_hit,11
WP_000403915.1,no_hit,11
WP_000404422.1,no_hit,11
WP_000404645.1,no_hit,11
WP_000406612.1,lysis,1
WP_000406838.1,no_hit,11
WP_000409157.1,no_hit,11
WP_000410567.1,lysis,1
WP_000410764.1,moron_auxiliary_metabolic_gene_and_host_takeover,8
WP_000411031.1,integration_and_excision,10
WP_000411084.1,no_hit,11
WP_000411298.1,no_hit,11
WP_000411461.1,no_hit,11
WP_000412514.1,moron_auxiliary_metabolic_gene_and_host_takeover,8
WP_000413171.1,no_hit,11
WP_000413436.1,no_hit,11
WP_000413862.1,no_hit,11
WP_000414165.1,no_hit,11
WP_000414216.1,no_hit,11
WP_000414629.1,lysis,1
WP_000414695.1,moron_auxiliary_metabolic_gene_and_host_takeover,8
WP_000415665.1,lysis,1
WP_000417018.1,no_hit,11
WP_000417372.1,no_hit,11
WP_000418035.1,unknown_function,9
WP_000421410.1,no_hit,11
WP_000421713.1,no_hit,11
WP_000422861.1,no_hit,11
WP_000422908.1,no_hit,11
WP_000424963.1,no_hit,11
WP_000425353.1,dna_rna_and_nucleotide_metabolism,4
WP_000426696.1,moron_auxiliary_metabolic_gene_and_host_takeover,8
WP_000426912.1,unknown_function,9
WP_000426914.1,no_hit,11
WP_000427213.1,transcription_regulation,7
WP_000427767.1,moron_auxiliary_metabolic_gene_and_host_takeover,8
WP_000428172.1,transcription_regulation,7
WP_000429006.1,no_hit,11
WP_000429674.1,other,6
WP_000431230.1,other,6
WP_000431307.1,lysis,1
WP_000431312.1,no_hit,11
WP_000432017.1,no_hit,11
WP_000432078.1,moron_auxiliary_metabolic_gene_and_host_takeover,8
WP_000432352.1,moron_auxiliary_metabolic_gene_and_host_takeover,8
WP_000432915.1,moron_auxiliary_metabolic_gene_and_host_takeover,8
WP_000433354.1,no_hit,11
WP_000433551.1,moron_auxiliary_metabolic_gene_and_host_takeover,8
WP_000434765.1,no_hit,11
WP_000434933.1,unknown_function,9
WP_000435046.1,moron_auxiliary_metabolic_gene_and_host_takeover,8
WP_000435068.1,unknown_function,9
WP_000435109.1,no_hit,11
WP_000435143.1,dna_rna_and_nucleotide_metabolism,4
WP_000435374.1,no_hit,11
WP_000435806.1,no_hit,11
WP_000436823.1,moron_auxiliary_metabolic_gene_and_host_takeover,8
WP_000437472.1,no_hit,11
WP_000437969.1,no_hit,11
WP_000438836.1,dna_rna_and_nucleotide_metabolism,4
WP_000439693.1,dna_rna_and_nucleotide_metabolism,4
WP_000442480.1,other,6
WP_000446299.1,no_hit,11
WP_000446724.1,moron_auxiliary_metabolic_gene_and_host_takeover,8
WP_000447473.1,dna_rna_and_nucleotide_metabolism,4
WP_000447678.1,no_hit,11
WP_000447709.1,unknown_function,9
WP_000447733.1,integration_and_excision,10
WP_000447776.1,no_hit,11
WP_000448078.1,no_hit,11
WP_000448224.1,no_hit,11
WP_000448770.1,unknown_function,9
WP_000448918.1,no_hit,11
WP_000448934.1,dna_rna_and_nucleotide_metabolism,4
WP_000449069.1,no_hit,11
WP_000449218.1,no_hit,11
WP_000450257.1,no_hit,11
WP_000450297.1,moron_auxiliary_metabolic_gene_and_host_takeover,8
WP_000450555.1,transcription_regulation,7
WP_000451294.1,no_hit,11
WP_000451438.1,transcription_regulation,7
WP_000451828.1,moron_auxiliary_metabolic_gene_and_host_takeover,8
WP_000453306.1,no_hit,11
WP_000454063.1,dna_rna_and_nucleotide_metabolism,4
WP_000454780.1,no_hit,11
WP_000455256.1,no_hit,11
WP_000455597.1,no_hit,11
WP_000455861.1,lysis,1
WP_000455988.1,no_hit,11
WP_000456486.1,no_hit,11
WP_000457386.1,connector,3
WP_000459062.1,no_hit,11
WP_000460242.1,head_and_packaging,5
WP_000460421.1,no_hit,11
WP_000460983.1,unknown_function,9
WP_000465472.1,no_hit,11
WP_000466617.1,no_hit,11
WP_000466748.1,lysis,1
WP_000467123.1,moron_auxiliary_metabolic_gene_and_host_takeover,8
WP_000467655.1,no_hit,11
WP_000467994.1,no_hit,11
WP_000468384.1,no_hit,11
WP_000469833.1,transcription_regulation,7
WP_000469894.1,moron_auxiliary_metabolic_gene_and_host_takeover,8
WP_000469951.1,unknown_function,9
WP_000471571.1,dna_rna_and_nucleotide_metabolism,4
WP_000472243.1,moron_auxiliary_metabolic_gene_and_host_takeover,8
WP_000472256.1,lysis,1
WP_000472302.1,no_hit,11
WP_000473596.1,no_hit,11
WP_000473653.1,no_hit,11
WP_000473678.1,moron_auxiliary_metabolic_gene_and_host_takeover,8
WP_000473699.1,unknown_function,9
WP_000475325.1,no_hit,11
WP_000476346.1,dna_rna_and_nucleotide_metabolism,4
WP_000476865.1,dna_rna_and_nucleotide_metabolism,4
WP_000477338.1,unknown_function,9
WP_000477492.1,unknown_function,9
WP_000477505.1,no_hit,11
WP_000477526.1,no_hit,11
WP_000477931.1,moron_auxiliary_metabolic_gene_and_host_takeover,8
WP_000477959.1,unknown_function,9
WP_000477989.1,other,6
WP_000479279.1,moron_auxiliary_metabolic_gene_and_host_takeover,8
WP_000479576.1,moron_auxiliary_metabolic_gene_and_host_takeover,8
WP_000480603.1,connector,3
WP_000480800.1,no_hit,11
WP_000481279.1,no_hit,11
WP_000481425.1,moron_auxiliary_metabolic_gene_and_host_takeover,8
WP_000481443.1,no_hit,11
WP_000481967.1,unknown_function,9
WP_000482652.1,lysis,1
WP_000483052.1,moron_auxiliary_metabolic_gene_and_host_takeover,8
WP_000483153.1,no_hit,11
WP_000483720.1,no_hit,11
WP_000486487.1,moron_auxiliary_metabolic_gene_and_host_takeover,8
WP_000486810.1,moron_auxiliary_metabolic_gene_and_host_takeover,8
WP_000487154.1,dna_rna_and_nucleotide_metabolism,4
WP_000491382.1,lysis,1
WP_000491755.1,unknown_function,9
WP_000491986.1,other,6
WP_000492108.1,no_hit,11
WP_000493887.1,no_hit,11
WP_000494134.1,no_hit,11
WP_000495498.1,unknown_function,9
WP_000496100.1,no_hit,11
WP_000498572.1,moron_auxiliary_metabolic_gene_and_host_takeover,8
WP_000499195.1,transcription_regulation,7
WP_000499650.1,unknown_function,9
WP_000503590.1,dna_rna_and_nucleotide_metabolism,4
WP_000503822.1,no_hit,11
WP_000504568.1,tail,2
WP_000505015.1,no_hit,11
WP_000505966.1,no_hit,11
WP_000506531.1,dna_rna_and_nucleotide_metabolism,4
WP_000509671.1,no_hit,11
WP_000511135.1,no_hit,11
WP_000513305.1,moron_auxiliary_metabolic_gene_and_host_takeover,8
WP_000514290.1,other,6
WP_000514408.1,no_hit,11
WP_000516269.1,dna_rna_and_nucleotide_metabolism,4
WP_000516798.1,lysis,1
WP_000517183.1,no_hit,11
WP_000517850.1,unknown_function,9
WP_000517908.1,no_hit,11
WP_000520231.1,moron_auxiliary_metabolic_gene_and_host_takeover,8
WP_000521495.1,no_hit,11
WP_000521533.1,moron_auxiliary_metabolic_gene_and_host_takeover,8
WP_000521959.1,unknown_function,9
WP_000522381.1,dna_rna_and_nucleotide_metabolism,4
WP_000523157.1,other,6
WP_000523668.1,no_hit,11
WP_000524830.1,dna_rna_and_nucleotide_metabolism,4
WP_000524903.1,no_hit,11
WP_000525078.1,dna_rna_and_nucleotide_metabolism,4
WP_000525106.1,no_hit,11
WP_000526539.1,dna_rna_and_nucleotide_metabolism,4
WP_000526694.1,no_hit,11
WP_000528922.1,no_hit,11
WP_000529877.1,no_hit,11
WP_000531320.1,transcription_regulation,7
WP_000531476.1,no_hit,11
WP_000531823.1,dna_rna_and_nucleotide_metabolism,4
WP_000532966.1,no_hit,11
WP_000533238.1,moron_auxiliary_metabolic_gene_and_host_takeover,8
WP_000533479.1,dna_rna_and_nucleotide_metabolism,4
WP_000534425.1,moron_auxiliary_metabolic_gene_and_host_takeover,8
WP_000535834.1,no_hit,11
WP_000536961.1,unknown_function,9
WP_000538141.1,transcription_regulation,7
WP_000538625.1,moron_auxiliary_metabolic_gene_and_host_takeover,8
WP_000538766.1,moron_auxiliary_metabolic_gene_and_host_takeover,8
WP_000540323.1,dna_rna_and_nucleotide_metabolism,4
WP_000540879.1,dna_rna_and_nucleotide_metabolism,4
WP_000542274.1,transcription_regulation,7
WP_000542320.1,no_hit,11
WP_000542365.1,dna_rna_and_nucleotide_metabolism,4
WP_000543854.1,no_hit,11
WP_000544969.1,other,6
WP_000545115.1,unknown_function,9
WP_000545370.1,head_and_packaging,5
WP_000545451.1,unknown_function,9
WP_000545928.1,no_hit,11
WP_000546611.1,other,6
WP_000547687.1,no_hit,11
WP_000547794.1,moron_auxiliary_metabolic_gene_and_host_takeover,8
WP_000547838.1,no_hit,11
WP_000547910.1,no_hit,11
WP_000548702.1,unknown_function,9
WP_000548781.1,unknown_function,9
WP_000548936.1,unknown_function,9
WP_000549207.1,moron_auxiliary_metabolic_gene_and_host_takeover,8
WP_000549222.1,no_hit,11
WP_000549287.1,dna_rna_and_nucleotide_metabolism,4
WP_000549734.1,lysis,1
WP_000550252.1,unknown_function,9
WP_000551283.1,other,6
WP_000551342.1,dna_rna_and_nucleotide_metabolism,4
WP_000551643.1,no_hit,11
WP_000551762.1,no_hit,11
WP_000551836.1,moron_auxiliary_metabolic_gene_and_host_takeover,8
WP_000553924.1,no_hit,11
WP_000556760.1,unknown_function,9
WP_000558755.1,no_hit,11
WP_000559159.1,no_hit,11
WP_000560839.1,dna_rna_and_nucleotide_metabolism,4
WP_000561358.1,unknown_function,9
WP_000562498.1,no_hit,11
WP_000564315.1,moron_auxiliary_metabolic_gene_and_host_takeover,8
WP_000565254.1,other,6
WP_000565304.1,no_hit,11
WP_000565310.1,unknown_function,9
WP_000565498.1,connector,3
WP_000565813.1,moron_auxiliary_metabolic_gene_and_host_takeover,8
WP_000566649.1,no_hit,11
WP_000566670.1,dna_rna_and_nucleotide_metabolism,4
WP_000567017.1,unknown_function,9
WP_000567396.1,tail,2
WP_000568351.1,no_hit,11
WP_000569120.1,moron_auxiliary_metabolic_gene_and_host_takeover,8
WP_000569281.1,moron_auxiliary_metabolic_gene_and_host_takeover,8
WP_000569649.1,no_hit,11
WP_000569884.1,other,6
WP_000570070.1,moron_auxiliary_metabolic_gene_and_host_takeover,8
WP_000570687.1,moron_auxiliary_metabolic_gene_and_host_takeover,8
WP_000570807.1,no_hit,11
WP_000571167.1,other,6
WP_000571207.1,moron_auxiliary_metabolic_gene_and_host_takeover,8
WP_000571259.1,no_hit,11
WP_000571407.1,moron_auxiliary_metabolic_gene_and_host_takeover,8
WP_000571549.1,no_hit,11
WP_000571591.1,moron_auxiliary_metabolic_gene_and_host_takeover,8
WP_000571742.1,no_hit,11
WP_000572038.1,moron_auxiliary_metabolic_gene_and_host_takeover,8
WP_000572235.1,dna_rna_and_nucleotide_metabolism,4
WP_000572878.1,no_hit,11
WP_000573077.1,moron_auxiliary_metabolic_gene_and_host_takeover,8
WP_000573240.1,other,6
WP_000575678.1,no_hit,11
WP_000578458.1,moron_auxiliary_metabolic_gene_and_host_takeover,8
WP_000579275.1,no_hit,11
WP_000579563.1,no_hit,11
WP_000580201.1,unknown_function,9
WP_000581076.1,no_hit,11
WP_000581197.1,no_hit,11
WP_000581792.1,unknown_function,9
WP_000581871.1,dna_rna_and_nucleotide_metabolism,4
WP_000581894.1,dna_rna_and_nucleotide_metabolism,4
WP_000582152.1,no_hit,11
WP_000582326.1,moron_auxiliary_metabolic_gene_and_host_takeover,8
WP_000584398.1,unknown_function,9
WP_000584499.1,unknown_function,9
WP_000584628.1,no_hit,11
WP_000584759.1,moron_auxiliary_metabolic_gene_and_host_takeover,8
WP_000587616.1,unknown_function,9
WP_000587958.1,unknown_function,9
WP_000588522.1,other,6
WP_000589248.1,moron_auxiliary_metabolic_gene_and_host_takeover,8
WP_000589549.1,no_hit,11
WP_000590122.1,transcription_regulation,7
WP_000590451.1,lysis,1
WP_000590805.1,other,6
WP_000590809.1,other,6
WP_000590826.1,dna_rna_and_nucleotide_metabolism,4
WP_000590854.1,other,6
WP_000591749.1,no_hit,11
WP_000592307.1,no_hit,11
WP_000593103.1,moron_auxiliary_metabolic_gene_and_host_takeover,8
WP_000593156.1,dna_rna_and_nucleotide_metabolism,4
WP_000593194.1,unknown_function,9
WP_000593361.1,no_hit,11
WP_000593436.1,unknown_function,9
WP_000594519.1,no_hit,11
WP_000594530.1,moron_auxiliary_metabolic_gene_and_host_takeover,8
WP_000594817.1,no_hit,11
WP_000594954.1,no_hit,11
WP_000595011.1,dna_rna_and_nucleotide_metabolism,4
WP_000595265.1,transcription_regulation,7
WP_000595297.1,no_hit,11
WP_000595392.1,dna_rna_and_nucleotide_metabolism,4
WP_000597207.1,dna_rna_and_nucleotide_metabolism,4
WP_000597238.1,moron_auxiliary_metabolic_gene_and_host_takeover,8
WP_000597327.1,no_hit,11
WP_000598444.1,no_hit,11
WP_000598482.1,moron_auxiliary_metabolic_gene_and_host_takeover,8
WP_000598772.1,moron_auxiliary_metabolic_gene_and_host_takeover,8
WP_000599589.1,connector,3
WP_000600387.1,no_hit,11
WP_000600967.1,other,6
WP_000602057.1,no_hit,11
WP_000602950.1,no_hit,11
WP_000603479.1,lysis,1
WP_000603755.1,moron_auxiliary_metabolic_gene_and_host_takeover,8
WP_000603970.1,moron_auxiliary_metabolic_gene_and_host_takeover,8
WP_000604134.1,no_hit,11
WP_000604514.1,moron_auxiliary_metabolic_gene_and_host_takeover,8
WP_000604730.1,unknown_function,9
WP_000604816.1,other,6
WP_000604990.1,unknown_function,9
WP_000605281.1,dna_rna_and_nucleotide_metabolism,4
WP_000606210.1,dna_rna_and_nucleotide_metabolism,4
WP_000606324.1,moron_auxiliary_metabolic_gene_and_host_takeover,8
WP_000606480.1,other,6
WP_000606546.1,no_hit,11
WP_000606693.1,no_hit,11
WP_000606726.1,no_hit,11
WP_000606768.1,no_hit,11
WP_000607067.1,moron_auxiliary_metabolic_gene_and_host_takeover,8
WP_000607104.1,no_hit,11
WP_000608129.1,other,6
WP_000608192.1,unknown_function,9
WP_000608433.1,no_hit,11
WP_000608509.1,no_hit,11
WP_000608818.1,no_hit,11
WP_000608862.1,unknown_function,9
WP_000609346.1,no_hit,11
WP_000610051.1,moron_auxiliary_metabolic_gene_and_host_takeover,8
WP_000610180.1,no_hit,11
WP_000610204.1,no_hit,11
WP_000610259.1,no_hit,11
WP_000610973.1,no_hit,11
WP_000611464.1,no_hit,11
WP_000611512.1,lysis,1
WP_000612126.1,connector,3
WP_000613541.1,moron_auxiliary_metabolic_gene_and_host_takeover,8
WP_000613722.1,no_hit,11
WP_000613738.1,no_hit,11
WP_000614712.1,no_hit,11
WP_000615461.1,moron_auxiliary_metabolic_gene_and_host_takeover,8
WP_000615921.1,no_hit,11
WP_000616225.1,no_hit,11
WP_000616642.1,moron_auxiliary_metabolic_gene_and_host_takeover,8
WP_000616784.1,no_hit,11
WP_000616816.1,moron_auxiliary_metabolic_gene_and_host_takeover,8
WP_000616840.1,unknown_function,9
WP_000616885.1,dna_rna_and_nucleotide_metabolism,4
WP_000617356.1,no_hit,11
WP_000617735.1,no_hit,11
WP_000619360.1,no_hit,11
WP_000620194.1,other,6
WP_000620857.1,transcription_regulation,7
WP_000620864.1,no_hit,11
WP_000620949.1,no_hit,11
WP_000621175.1,no_hit,11
WP_000621532.1,other,6
WP_000622700.1,no_hit,11
WP_000623440.1,no_hit,11
WP_000623470.1,moron_auxiliary_metabolic_gene_and_host_takeover,8
WP_000623881.1,no_hit,11
WP_000623903.1,other,6
WP_000624577.1,other,6
WP_000624945.1,transcription_regulation,7
WP_000625061.1,no_hit,11
WP_000625088.1,head_and_packaging,5
WP_000625878.1,moron_auxiliary_metabolic_gene_and_host_takeover,8
WP_000626082.1,no_hit,11
WP_000626133.1,no_hit,11
WP_000626504.1,tail,2
WP_000626897.1,no_hit,11
WP_000627144.1,no_hit,11
WP_000627540.1,unknown_function,9
WP_000628051.1,moron_auxiliary_metabolic_gene_and_host_takeover,8
WP_000631574.1,unknown_function,9
WP_000631969.1,no_hit,11
WP_000633068.1,unknown_function,9
WP_000633692.1,no_hit,11
WP_000633782.1,no_hit,11
WP_000634098.1,no_hit,11
WP_000634175.1,no_hit,11
WP_000634589.1,other,6
WP_000634677.1,moron_auxiliary_metabolic_gene_and_host_takeover,8
WP_000635623.1,no_hit,11
WP_000636142.1,no_hit,11
WP_000636857.1,moron_auxiliary_metabolic_gene_and_host_takeover,8
WP_000638419.1,moron_auxiliary_metabolic_gene_and_host_takeover,8
WP_000638459.1,moron_auxiliary_metabolic_gene_and_host_takeover,8
WP_000638475.1,no_hit,11
WP_000638613.1,no_hit,11
WP_000638870.1,dna_rna_and_nucleotide_metabolism,4
WP_000639184.1,no_hit,11
WP_000640266.1,no_hit,11
WP_000640487.1,no_hit,11
WP_000640737.1,tail,2
WP_000642728.1,head_and_packaging,5
WP_000643619.1,no_hit,11
WP_000643986.1,moron_auxiliary_metabolic_gene_and_host_takeover,8
WP_000644391.1,no_hit,11
WP_000644737.1,unknown_function,9
WP_000645452.1,no_hit,11
WP_000645608.1,dna_rna_and_nucleotide_metabolism,4
WP_000645727.1,moron_auxiliary_metabolic_gene_and_host_takeover,8
WP_000645787.1,no_hit,11
WP_000646211.1,no_hit,11
WP_000646228.1,no_hit,11
WP_000648118.1,tail,2
WP_000648617.1,other,6
WP_000648723.1,no_hit,11
WP_000649791.1,no_hit,11
WP_000649908.1,no_hit,11
WP_000650082.1,no_hit,11
WP_000651051.1,moron_auxiliary_metabolic_gene_and_host_takeover,8
WP_000651160.1,moron_auxiliary_metabolic_gene_and_host_takeover,8
WP_000651837.1,no_hit,11
WP_000652047.1,no_hit,11
WP_000653261.1,unknown_function,9
WP_000653707.1,head_and_packaging,5
WP_000654030.1,no_hit,11
WP_000654067.1,no_hit,11
WP_000654184.1,no_hit,11
WP_000655241.1,unknown_function,9
WP_000655666.1,no_hit,11
WP_000655692.1,no_hit,11
WP_000655864.1,no_hit,11
WP_000655881.1,unknown_function,9
WP_000656771.1,transcription_regulation,7
WP_000659050.1,unknown_function,9
WP_000659319.1,no_hit,11
WP_000659683.1,unknown_function,9
WP_000659770.1,moron_auxiliary_metabolic_gene_and_host_takeover,8
WP_000660028.1,no_hit,11
WP_000660045.1,no_hit,11
WP_000660710.1,moron_auxiliary_metabolic_gene_and_host_takeover,8
WP_000661906.1,moron_auxiliary_metabolic_gene_and_host_takeover,8
WP_000662022.1,dna_rna_and_nucleotide_metabolism,4
WP_000662676.1,dna_rna_and_nucleotide_metabolism,4
WP_000663030.1,no_hit,11
WP_000664359.1,no_hit,11
WP_000664737.1,transcription_regulation,7
WP_000664775.1,head_and_packaging,5
WP_000665238.1,unknown_function,9
WP_000665727.1,moron_auxiliary_metabolic_gene_and_host_takeover,8
WP_000666757.1,no_hit,11
WP_000666806.1,no_hit,11
WP_000667095.1,other,6
WP_000667126.1,no_hit,11
WP_000667269.1,no_hit,11
WP_000667382.1,unknown_function,9
WP_000668175.1,other,6
WP_000668336.1,no_hit,11
WP_000668627.1,moron_auxiliary_metabolic_gene_and_host_takeover,8
WP_000668818.1,no_hit,11
WP_000668894.1,moron_auxiliary_metabolic_gene_and_host_takeover,8
WP_000669014.1,no_hit,11
WP_000669024.1,no_hit,11
WP_000669376.1,dna_rna_and_nucleotide_metabolism,4
WP_000669519.1,no_hit,11
WP_000669537.1,no_hit,11
WP_000669656.1,no_hit,11
WP_000669789.1,unknown_function,9
WP_000669862.1,unknown_function,9
WP_000669923.1,dna_rna_and_nucleotide_metabolism,4
WP_000670307.1,unknown_function,9
WP_000670752.1,no_hit,11
WP_000670950.1,no_hit,11
WP_000671057.1,no_hit,11
WP_000671099.1,unknown_function,9
WP_000671245.1,dna_rna_and_nucleotide_metabolism,4
WP_000671712.1,no_hit,11
WP_000672013.1,no_hit,11
WP_000672033.1,lysis,1
WP_000672869.1,no_hit,11
WP_000673034.1,transcription_regulation,7
WP_000673051.1,no_hit,11
WP_000673098.1,no_hit,11
WP_000673315.1,no_hit,11
WP_000675401.1,moron_auxiliary_metabolic_gene_and_host_takeover,8
WP_000676539.1,no_hit,11
WP_000677261.1,unknown_function,9
WP_000677725.1,moron_auxiliary_metabolic_gene_and_host_takeover,8
WP_000678232.1,no_hit,11
WP_000678764.1,unknown_function,9
WP_000680740.1,moron_auxiliary_metabolic_gene_and_host_takeover,8
WP_000680945.1,dna_rna_and_nucleotide_metabolism,4
WP_000681757.1,no_hit,11
WP_000681968.1,unknown_function,9
WP_000682089.1,unknown_function,9
WP_000682619.1,tail,2
WP_000682646.1,no_hit,11
WP_000683687.1,no_hit,11
WP_000683940.1,no_hit,11
WP_000684060.1,no_hit,11
WP_000684147.1,no_hit,11
WP_000684567.1,no_hit,11
WP_000684743.1,other,6
WP_000685067.1,no_hit,11
WP_000686168.1,no_hit,11
WP_000686344.1,no_hit,11
WP_000687330.1,no_hit,11
WP_000687412.1,no_hit,11
WP_000688122.1,no_hit,11
WP_000688492.1,unknown_function,9
WP_000689582.1,no_hit,11
WP_000690007.1,no_hit,11
WP_000690025.1,other,6
WP_000690200.1,other,6
WP_000690405.1,no_hit,11
WP_000690439.1,no_hit,11
WP_000690638.1,no_hit,11
WP_000691099.1,moron_auxiliary_metabolic_gene_and_host_takeover,8
WP_000691301.1,no_hit,11
WP_000691527.1,no_hit,11
WP_000691584.1,no_hit,11
WP_000691774.1,no_hit,11
WP_000691839.1,integration_and_excision,10
WP_000691942.1,no_hit,11
WP_000692504.1,other,6
WP_000692521.1,other,6
WP_000692648.1,no_hit,11
WP_000694772.1,transcription_regulation,7
WP_000695366.1,unknown_function,9
WP_000697134.1,unknown_function,9
WP_000697220.1,unknown_function,9
WP_000697334.1,other,6
WP_000697877.1,no_hit,11
WP_000698231.1,other,6
WP_000698749.1,moron_auxiliary_metabolic_gene_and_host_takeover,8
WP_000699538.1,unknown_function,9
WP_000700080.1,no_hit,11
WP_000700190.1,no_hit,11
WP_000700554.1,other,6
WP_000700853.1,no_hit,11
WP_000700882.1,unknown_function,9
WP_000700925.1,no_hit,11
WP_000701483.1,no_hit,11
WP_000702262.1,other,6
WP_000702778.1,no_hit,11
WP_000704122.1,no_hit,11
WP_000704775.1,no_hit,11
WP_000705657.1,no_hit,11
WP_000706111.1,no_hit,11
WP_000706135.1,no_hit,11
WP_000706315.1,no_hit,11
WP_000706515.1,no_hit,11
WP_000708690.1,no_hit,11
WP_000709277.1,no_hit,11
WP_000710555.1,no_hit,11
WP_000711870.1,moron_auxiliary_metabolic_gene_and_host_takeover,8
WP_000711896.1,dna_rna_and_nucleotide_metabolism,4
WP_000713072.1,no_hit,11
WP_000713731.1,unknown_function,9
WP_000713847.1,moron_auxiliary_metabolic_gene_and_host_takeover,8
WP_000717381.1,no_hit,11
WP_000717561.1,no_hit,11
WP_000717800.1,lysis,1
WP_000718107.1,no_hit,11
WP_000718953.1,unknown_function,9
WP_000719329.1,no_hit,11
WP_000720816.1,no_hit,11
WP_000721336.1,no_hit,11
WP_000721551.1,no_hit,11
WP_000721699.1,no_hit,11
WP_000722165.1,no_hit,11
WP_000723301.1,no_hit,11
WP_000723418.1,other,6
WP_000723436.1,no_hit,11
WP_000723836.1,unknown_function,9
WP_000724887.1,unknown_function,9
WP_000725167.1,no_hit,11
WP_000725225.1,no_hit,11
WP_000725608.1,no_hit,11
WP_000725802.1,moron_auxiliary_metabolic_gene_and_host_takeover,8
WP_000726502.1,moron_auxiliary_metabolic_gene_and_host_takeover,8
WP_000727328.1,moron_auxiliary_metabolic_gene_and_host_takeover,8
WP_000727423.1,no_hit,11
WP_000727537.1,lysis,1
WP_000727645.1,moron_auxiliary_metabolic_gene_and_host_takeover,8
WP_000727772.1,no_hit,11
WP_000728068.1,no_hit,11
WP_000728170.1,other,6
WP_000728765.1,no_hit,11
WP_000728958.1,no_hit,11
WP_000729744.1,no_hit,11
WP_000731644.1,tail,2
WP_000731878.1,no_hit,11
WP_000731976.1,unknown_function,9
WP_000732076.1,no_hit,11
WP_000732324.1,dna_rna_and_nucleotide_metabolism,4
WP_000733285.1,no_hit,11
WP_000733409.1,no_hit,11
WP_000733432.1,unknown_function,9
WP_000734075.1,no_hit,11
WP_000734801.1,no_hit,11
WP_000735038.1,dna_rna_and_nucleotide_metabolism,4
WP_000735558.1,no_hit,11
WP_000735864.1,no_hit,11
WP_000736082.1,dna_rna_and_nucleotide_metabolism,4
WP_000736712.1,no_hit,11
WP_000736784.1,no_hit,11
WP_000737162.1,moron_auxiliary_metabolic_gene_and_host_takeover,8
WP_000737196.1,head_and_packaging,5
WP_000737654.1,dna_rna_and_nucleotide_metabolism,4
WP_000737686.1,unknown_function,9
WP_000737705.1,no_hit,11
WP_000737976.1,no_hit,11
WP_000738250.1,no_hit,11
WP_000739210.1,no_hit,11
WP_000739224.1,no_hit,11
WP_000739531.1,no_hit,11
WP_000739564.1,no_hit,11
WP_000742837.1,no_hit,11
WP_000743711.1,moron_auxiliary_metabolic_gene_and_host_takeover,8
WP_000744096.1,no_hit,11
WP_000745087.1,moron_auxiliary_metabolic_gene_and_host_takeover,8
WP_000745891.1,no_hit,11
WP_000746599.1,no_hit,11
WP_000746679.1,unknown_function,9
WP_000747873.1,transcription_regulation,7
WP_000748518.1,unknown_function,9
WP_000748760.1,no_hit,11
WP_000749795.1,moron_auxiliary_metabolic_gene_and_host_takeover,8
WP_000751215.1,no_hit,11
WP_000751263.1,no_hit,11
WP_000751704.1,dna_rna_and_nucleotide_metabolism,4
WP_000752005.1,no_hit,11
WP_000752909.1,head_and_packaging,5
WP_000752917.1,head_and_packaging,5
WP_000753319.1,no_hit,11
WP_000754443.1,no_hit,11
WP_000755150.1,connector,3
WP_000755946.1,no_hit,11
WP_000755991.1,unknown_function,9
WP_000756612.1,no_hit,11
WP_000757397.1,no_hit,11
WP_000757543.1,no_hit,11
WP_000757575.1,no_hit,11
WP_000757880.1,no_hit,11
WP_000758209.1,no_hit,11
WP_000759232.1,no_hit,11
WP_000759366.1,dna_rna_and_nucleotide_metabolism,4
WP_000759682.1,other,6
WP_000761395.1,moron_auxiliary_metabolic_gene_and_host_takeover,8
WP_000762521.1,no_hit,11
WP_000762708.1,unknown_function,9
WP_000763043.1,no_hit,11
WP_000763767.1,no_hit,11
WP_000764419.1,other,6
WP_000765183.1,moron_auxiliary_metabolic_gene_and_host_takeover,8
WP_000765708.1,unknown_function,9
WP_000766009.1,moron_auxiliary_metabolic_gene_and_host_takeover,8
WP_000766074.1,connector,3
WP_000767028.1,no_hit,11
WP_000768192.1,no_hit,11
WP_000769160.1,no_hit,11
WP_000769415.1,no_hit,11
WP_000769694.1,lysis,1
WP_000769705.1,lysis,1
WP_000769722.1,no_hit,11
WP_000769820.1,no_hit,11
WP_000771368.1,head_and_packaging,5
WP_000773921.1,unknown_function,9
WP_000773989.1,unknown_function,9
WP_000774281.1,no_hit,11
WP_000774556.1,dna_rna_and_nucleotide_metabolism,4
WP_000774684.1,dna_rna_and_nucleotide_metabolism,4
WP_000775113.1,no_hit,11
WP_000775150.1,no_hit,11
WP_000776018.1,no_hit,11
WP_000776312.1,other,6
WP_000776422.1,no_hit,11
WP_000776751.1,moron_auxiliary_metabolic_gene_and_host_takeover,8
WP_000777188.1,no_hit,11
WP_000777577.1,no_hit,11
WP_000778500.1,dna_rna_and_nucleotide_metabolism,4
WP_000778528.1,dna_rna_and_nucleotide_metabolism,4
WP_000779134.1,lysis,1
WP_000779360.1,moron_auxiliary_metabolic_gene_and_host_takeover,8
WP_000779504.1,no_hit,11
WP_000779749.1,no_hit,11
WP_000781162.1,no_hit,11
WP_000781349.1,no_hit,11
WP_000781951.1,no_hit,11
WP_000781979.1,no_hit,11
WP_000782121.1,head_and_packaging,5
WP_000782463.1,lysis,1
WP_000782622.1,no_hit,11
WP_000782736.1,no_hit,11
WP_000783428.1,no_hit,11
WP_000784885.1,unknown_function,9
WP_000785252.1,moron_auxiliary_metabolic_gene_and_host_takeover,8
WP_000786115.1,no_hit,11
WP_000786734.1,unknown_function,9
WP_000787777.1,no_hit,11
WP_000787940.1,moron_auxiliary_metabolic_gene_and_host_takeover,8
WP_000788443.1,moron_auxiliary_metabolic_gene_and_host_takeover,8
WP_000789522.1,unknown_function,9
WP_000789821.1,no_hit,11
WP_000790331.1,other,6
WP_000790712.1,no_hit,11
WP_000791411.1,dna_rna_and_nucleotide_metabolism,4
WP_000791581.1,no_hit,11
WP_000791620.1,unknown_function,9
WP_000791702.1,no_hit,11
WP_000792342.1,moron_auxiliary_metabolic_gene_and_host_takeover,8
WP_000792417.1,no_hit,11
WP_000792559.1,no_hit,11
WP_000793018.1,moron_auxiliary_metabolic_gene_and_host_takeover,8
WP_000793067.1,no_hit,11
WP_000793164.1,moron_auxiliary_metabolic_gene_and_host_takeover,8
WP_000793607.1,no_hit,11
WP_000794020.1,no_hit,11
WP_000794419.1,no_hit,11
WP_000794442.1,moron_auxiliary_metabolic_gene_and_host_takeover,8
WP_000794565.1,transcription_regulation,7
WP_000794614.1,no_hit,11
WP_000795811.1,no_hit,11
WP_000798967.1,no_hit,11
WP_000798987.1,other,6
WP_000799248.1,dna_rna_and_nucleotide_metabolism,4
WP_000800700.1,moron_auxiliary_metabolic_gene_and_host_takeover,8
WP_000801007.1,no_hit,11
WP_000802955.1,no_hit,11
WP_000803135.1,dna_rna_and_nucleotide_metabolism,4
WP_000804320.1,no_hit,11
WP_000805951.1,no_hit,11
WP_000806102.1,unknown_function,9
WP_000808495.1,no_hit,11
WP_000808621.1,dna_rna_and_nucleotide_metabolism,4
WP_000808817.1,lysis,1
WP_000808849.1,no_hit,11
WP_000808888.1,no_hit,11
WP_000808968.1,no_hit,11
WP_000809131.1,other,6
WP_000809514.1,no_hit,11
WP_000810620.1,moron_auxiliary_metabolic_gene_and_host_takeover,8
WP_000811163.1,no_hit,11
WP_000811375.1,dna_rna_and_nucleotide_metabolism,4
WP_000812686.1,no_hit,11
WP_000812829.1,dna_rna_and_nucleotide_metabolism,4
WP_000813525.1,no_hit,11
WP_000814094.1,no_hit,11
WP_000814565.1,no_hit,11
WP_000815646.1,integration_and_excision,10
WP_000815795.1,no_hit,11
WP_000816133.1,no_hit,11
WP_000816184.1,no_hit,11
WP_000816304.1,no_hit,11
WP_000817954.1,moron_auxiliary_metabolic_gene_and_host_takeover,8
WP_000818278.1,no_hit,11
WP_000818525.1,moron_auxiliary_metabolic_gene_and_host_takeover,8
WP_000818915.1,moron_auxiliary_metabolic_gene_and_host_takeover,8
WP_000819096.1,no_hit,11
WP_000819532.1,moron_auxiliary_metabolic_gene_and_host_takeover,8
WP_000819684.1,dna_rna_and_nucleotide_metabolism,4
WP_000819843.1,no_hit,11
WP_000820897.1,no_hit,11
WP_000821658.1,no_hit,11
WP_000822161.1,no_hit,11
WP_000822589.1,moron_auxiliary_metabolic_gene_and_host_takeover,8
WP_000823221.1,no_hit,11
WP_000824482.1,no_hit,11
WP_000824948.1,no_hit,11
WP_000825098.1,no_hit,11
WP_000825530.1,lysis,1
WP_000825819.1,no_hit,11
WP_000825921.1,no_hit,11
WP_000826669.1,no_hit,11
WP_000826862.1,moron_auxiliary_metabolic_gene_and_host_takeover,8
WP_000827010.1,no_hit,11
WP_000827746.1,no_hit,11
WP_000828354.1,transcription_regulation,7
WP_000828569.1,unknown_function,9
WP_000828719.1,moron_auxiliary_metabolic_gene_and_host_takeover,8
WP_000829167.1,no_hit,11
WP_000829632.1,moron_auxiliary_metabolic_gene_and_host_takeover,8
WP_000829749.1,unknown_function,9
WP_000830380.1,no_hit,11
WP_000831055.1,no_hit,11
WP_000831298.1,unknown_function,9
WP_000831496.1,transcription_regulation,7
WP_000831610.1,no_hit,11
WP_000831700.1,no_hit,11
WP_000832260.1,no_hit,11
WP_000833486.1,no_hit,11
WP_000833794.1,no_hit,11
WP_000834089.1,moron_auxiliary_metabolic_gene_and_host_takeover,8
WP_000835971.1,dna_rna_and_nucleotide_metabolism,4
WP_000836421.1,no_hit,11
WP_000836461.1,no_hit,11
WP_000837116.1,no_hit,11
WP_000837587.1,unknown_function,9
WP_000837752.1,unknown_function,9
WP_000838029.1,no_hit,11
WP_000838205.1,moron_auxiliary_metabolic_gene_and_host_takeover,8
WP_000838479.1,dna_rna_and_nucleotide_metabolism,4
WP_000839926.1,no_hit,11
WP_000840576.1,no_hit,11
WP_000840602.1,unknown_function,9
WP_000840811.1,transcription_regulation,7
WP_000841351.1,no_hit,11
WP_000841404.1,no_hit,11
WP_000842040.1,no_hit,11
WP_000842277.1,moron_auxiliary_metabolic_gene_and_host_takeover,8
WP_000842860.1,unknown_function,9
WP_000843292.1,other,6
WP_000843611.1,no_hit,11
WP_000843735.1,no_hit,11
WP_000844410.1,lysis,1
WP_000846280.1,unknown_function,9
WP_000846636.1,no_hit,11
WP_000846746.1,no_hit,11
WP_000847936.1,dna_rna_and_nucleotide_metabolism,4
WP_000848304.1,dna_rna_and_nucleotide_metabolism,4
WP_000848318.1,no_hit,11
WP_000848350.1,unknown_function,9
WP_000848761.1,unknown_function,9
WP_000849163.1,no_hit,11
WP_000849428.1,unknown_function,9
WP_000850015.1,transcription_regulation,7
WP_000852430.1,other,6
WP_000854072.1,transcription_regulation,7
WP_000855514.1,no_hit,11
WP_000857180.1,integration_and_excision,10
WP_000857488.1,tail,2
WP_000857598.1,no_hit,11
WP_000858779.1,no_hit,11
WP_000858967.1,no_hit,11
WP_000859155.1,unknown_function,9
WP_000859443.1,no_hit,11
WP_000860047.1,no_hit,11
WP_000860592.1,dna_rna_and_nucleotide_metabolism,4
WP_000861026.1,lysis,1
WP_000861572.1,no_hit,11
WP_000862095.1,no_hit,11
WP_000862728.1,no_hit,11
WP_000863439.1,head_and_packaging,5
WP_000863468.1,no_hit,11
WP_000863556.1,no_hit,11
WP_000863968.1,no_hit,11
WP_000864185.1,no_hit,11
WP_000864305.1,no_hit,11
WP_000865624.1,no_hit,11
WP_000866415.1,no_hit,11
WP_000866737.1,no_hit,11
WP_000866971.1,dna_rna_and_nucleotide_metabolism,4
WP_000867201.1,no_hit,11
WP_000867357.1,moron_auxiliary_metabolic_gene_and_host_takeover,8
WP_000867697.1,dna_rna_and_nucleotide_metabolism,4
WP_000867951.1,no_hit,11
WP_000868132.1,integration_and_excision,10
WP_000868259.1,unknown_function,9
WP_000868342.1,unknown_function,9
WP_000868413.1,moron_auxiliary_metabolic_gene_and_host_takeover,8
WP_000868645.1,no_hit,11
WP_000868999.1,head_and_packaging,5
WP_000869446.1,unknown_function,9
WP_000869983.1,no_hit,11
WP_000870829.1,unknown_function,9
WP_000871607.1,no_hit,11
WP_000871744.1,no_hit,11
WP_000872158.1,no_hit,11
WP_000872390.1,moron_auxiliary_metabolic_gene_and_host_takeover,8
WP_000872486.1,no_hit,11
WP_000872606.1,no_hit,11
WP_000872660.1,no_hit,11
WP_000872882.1,no_hit,11
WP_000873202.1,no_hit,11
WP_000874681.1,no_hit,11
WP_000875476.1,unknown_function,9
WP_000876201.1,unknown_function,9
WP_000876318.1,moron_auxiliary_metabolic_gene_and_host_takeover,8
WP_000876638.1,no_hit,11
WP_000876756.1,no_hit,11
WP_000876826.1,unknown_function,9
WP_000877369.1,dna_rna_and_nucleotide_metabolism,4
WP_000882069.1,dna_rna_and_nucleotide_metabolism,4
WP_000882087.1,unknown_function,9
WP_000883648.1,no_hit,11
WP_000884332.1,no_hit,11
WP_000884735.1,dna_rna_and_nucleotide_metabolism,4
WP_000886004.1,no_hit,11
WP_000886462.1,unknown_function,9
WP_000886500.1,dna_rna_and_nucleotide_metabolism,4
WP_000887022.1,unknown_function,9
WP_000887920.1,other,6
WP_000888486.1,other,6
WP_000888997.1,tail,2
WP_000889252.1,unknown_function,9
WP_000894032.1,no_hit,11
WP_000894464.1,unknown_function,9
WP_000894660.1,dna_rna_and_nucleotide_metabolism,4
WP_000895182.1,moron_auxiliary_metabolic_gene_and_host_takeover,8
WP_000896697.1,transcription_regulation,7
WP_000897044.1,unknown_function,9
WP_000897132.1,other,6
WP_000897635.1,dna_rna_and_nucleotide_metabolism,4
WP_000899890.1,moron_auxiliary_metabolic_gene_and_host_takeover,8
WP_000901023.1,lysis,1
WP_000901751.1,no_hit,11
WP_000902099.1,dna_rna_and_nucleotide_metabolism,4
WP_000902175.1,no_hit,11
WP_000902805.1,lysis,1
WP_000904065.1,unknown_function,9
WP_000904312.1,no_hit,11
WP_000907311.1,no_hit,11
WP_000908182.1,no_hit,11
WP_000908956.1,moron_auxiliary_metabolic_gene_and_host_takeover,8
WP_000908969.1,no_hit,11
WP_000910489.1,lysis,1
WP_000910686.1,other,6
WP_000911017.1,no_hit,11
WP_000911041.1,no_hit,11
WP_000911657.1,dna_rna_and_nucleotide_metabolism,4
WP_000913024.1,moron_auxiliary_metabolic_gene_and_host_takeover,8
WP_000913243.1,dna_rna_and_nucleotide_metabolism,4
WP_000913317.1,other,6
WP_000915157.1,unknown_function,9
WP_000915238.1,moron_auxiliary_metabolic_gene_and_host_takeover,8
WP_000915920.1,lysis,1
WP_000915997.1,moron_auxiliary_metabolic_gene_and_host_takeover,8
WP_000916127.1,other,6
WP_000916187.1,connector,3
WP_000916196.1,unknown_function,9
WP_000916704.1,no_hit,11
WP_000916728.1,no_hit,11
WP_000917289.1,other,6
WP_000917669.1,moron_auxiliary_metabolic_gene_and_host_takeover,8
WP_000918667.1,no_hit,11
WP_000919769.1,no_hit,11
WP_000920042.1,no_hit,11
WP_000920239.1,no_hit,11
WP_000921246.1,unknown_function,9
WP_000921965.1,moron_auxiliary_metabolic_gene_and_host_takeover,8
WP_000922320.1,no_hit,11
WP_000923526.1,moron_auxiliary_metabolic_gene_and_host_takeover,8
WP_000923760.1,moron_auxiliary_metabolic_gene_and_host_takeover,8
WP_000924220.1,other,6
WP_000924990.1,moron_auxiliary_metabolic_gene_and_host_takeover,8
WP_000926310.1,connector,3
WP_000927371.1,unknown_function,9
WP_000927632.1,moron_auxiliary_metabolic_gene_and_host_takeover,8
WP_000927785.1,unknown_function,9
WP_000928413.1,moron_auxiliary_metabolic_gene_and_host_takeover,8
WP_000928938.1,unknown_function,9
WP_000930014.1,no_hit,11
WP_000930514.1,no_hit,11
WP_000930649.1,no_hit,11
WP_000931238.1,dna_rna_and_nucleotide_metabolism,4
WP_000932073.1,unknown_function,9
WP_000932694.1,no_hit,11
WP_000933105.1,moron_auxiliary_metabolic_gene_and_host_takeover,8
WP_000933195.1,no_hit,11
WP_000933774.1,no_hit,11
WP_000933820.1,no_hit,11
WP_000933956.1,transcription_regulation,7
WP_000934155.1,moron_auxiliary_metabolic_gene_and_host_takeover,8
WP_000934467.1,tail,2
WP_000934759.1,dna_rna_and_nucleotide_metabolism,4
WP_000934799.1,dna_rna_and_nucleotide_metabolism,4
WP_000934894.1,dna_rna_and_nucleotide_metabolism,4
WP_000935991.1,other,6
WP_000936718.1,no_hit,11
WP_000939059.1,no_hit,11
WP_000939521.1,no_hit,11
WP_000940129.1,no_hit,11
WP_000940790.1,moron_auxiliary_metabolic_gene_and_host_takeover,8
WP_000941336.1,no_hit,11
WP_000942210.1,no_hit,11
WP_000942303.1,dna_rna_and_nucleotide_metabolism,4
WP_000942744.1,no_hit,11
WP_000943819.1,no_hit,11
WP_000944149.1,no_hit,11
WP_000948295.1,moron_auxiliary_metabolic_gene_and_host_takeover,8
WP_000948331.1,unknown_function,9
WP_000948974.1,no_hit,11
WP_000949467.1,no_hit,11
WP_000950281.1,no_hit,11
WP_000950546.1,moron_auxiliary_metabolic_gene_and_host_takeover,8
WP_000951058.1,transcription_regulation,7
WP_000951441.1,dna_rna_and_nucleotide_metabolism,4
WP_000951624.1,dna_rna_and_nucleotide_metabolism,4
WP_000952038.1,no_hit,11
WP_000952923.1,unknown_function,9
WP_000953572.1,no_hit,11
WP_000953755.1,no_hit,11
WP_000954271.1,dna_rna_and_nucleotide_metabolism,4
WP_000954654.1,transcription_regulation,7
WP_000954799.1,no_hit,11
WP_000955235.1,no_hit,11
WP_000955781.1,dna_rna_and_nucleotide_metabolism,4
WP_000956137.1,head_and_packaging,5
WP_000956429.1,moron_auxiliary_metabolic_gene_and_host_takeover,8
WP_000956747.1,unknown_function,9
WP_000957020.1,moron_auxiliary_metabolic_gene_and_host_takeover,8
WP_000957037.1,no_hit,11
WP_000958224.1,no_hit,11
WP_000958531.1,no_hit,11
WP_000958858.1,no_hit,11
WP_000959282.1,integration_and_excision,10
WP_000959424.1,no_hit,11
WP_000960712.1,no_hit,11
WP_000960858.1,moron_auxiliary_metabolic_gene_and_host_takeover,8
WP_000966142.1,moron_auxiliary_metabolic_gene_and_host_takeover,8
WP_000966288.1,no_hit,11
WP_000966695.1,moron_auxiliary_metabolic_gene_and_host_takeover,8
WP_000969811.1,no_hit,11
WP_000971497.1,transcription_regulation,7
WP_000971550.1,unknown_function,9
WP_000971980.1,moron_auxiliary_metabolic_gene_and_host_takeover,8
WP_000972280.1,dna_rna_and_nucleotide_metabolism,4
WP_000972657.1,dna_rna_and_nucleotide_metabolism,4
WP_000972779.1,moron_auxiliary_metabolic_gene_and_host_takeover,8
WP_000974460.1,no_hit,11
WP_000974608.1,head_and_packaging,5
WP_000974847.1,no_hit,11
WP_000974881.1,no_hit,11
WP_000974909.1,unknown_function,9
WP_000975351.1,no_hit,11
WP_000976269.1,other,6
WP_000977032.1,unknown_function,9
WP_000977739.1,other,6
WP_000977777.1,no_hit,11
WP_000977803.1,dna_rna_and_nucleotide_metabolism,4
WP_000980137.1,moron_auxiliary_metabolic_gene_and_host_takeover,8
WP_000982808.1,unknown_function,9
WP_000983324.1,moron_auxiliary_metabolic_gene_and_host_takeover,8
WP_000983677.1,dna_rna_and_nucleotide_metabolism,4
WP_000985293.1,no_hit,11
WP_000985472.1,no_hit,11
WP_000985617.1,unknown_function,9
WP_000985878.1,no_hit,11
WP_000985996.1,no_hit,11
WP_000987774.1,no_hit,11
WP_000988332.1,dna_rna_and_nucleotide_metabolism,4
WP_000989088.1,moron_auxiliary_metabolic_gene_and_host_takeover,8
WP_000989121.1,moron_auxiliary_metabolic_gene_and_host_takeover,8
WP_000990056.1,unknown_function,9
WP_000990133.1,no_hit,11
WP_000991018.1,moron_auxiliary_metabolic_gene_and_host_takeover,8
WP_000991306.1,no_hit,11
WP_000991504.1,moron_auxiliary_metabolic_gene_and_host_takeover,8
WP_000992518.1,no_hit,11
WP_000992924.1,no_hit,11
WP_000994678.1,unknown_function,9
WP_000995287.1,no_hit,11
WP_000995800.1,no_hit,11
WP_000996739.1,no_hit,11
WP_000998557.1,unknown_function,9
WP_000998753.1,no_hit,11
WP_000998872.1,no_hit,11
WP_000999131.1,moron_auxiliary_metabolic_gene_and_host_takeover,8
WP_000999205.1,no_hit,11
WP_000999342.1,no_hit,11
WP_000999717.1,unknown_function,9
WP_001000058.1,unknown_function,9
WP_001000806.1,connector,3
WP_001001019.1,moron_auxiliary_metabolic_gene_and_host_takeover,8
WP_001001237.1,no_hit,11
WP_001001347.1,dna_rna_and_nucleotide_metabolism,4
WP_001001524.1,dna_rna_and_nucleotide_metabolism,4
WP_001002340.1,transcription_regulation,7
WP_001002689.1,dna_rna_and_nucleotide_metabolism,4
WP_001002795.1,unknown_function,9
WP_001003789.1,dna_rna_and_nucleotide_metabolism,4
WP_001004399.1,unknown_function,9
WP_001004752.1,moron_auxiliary_metabolic_gene_and_host_takeover,8
WP_001004925.1,unknown_function,9
WP_001005407.1,unknown_function,9
WP_001005523.1,no_hit,11
WP_001005768.1,no_hit,11
WP_001005835.1,moron_auxiliary_metabolic_gene_and_host_takeover,8
WP_001006441.1,moron_auxiliary_metabolic_gene_and_host_takeover,8
WP_001006450.1,no_hit,11
WP_001008400.1,other,6
WP_001008493.1,no_hit,11
WP_001008549.1,no_hit,11
WP_001008722.1,moron_auxiliary_metabolic_gene_and_host_takeover,8
WP_001009516.1,tail,2
WP_001009692.1,no_hit,11
WP_001010111.1,moron_auxiliary_metabolic_gene_and_host_takeover,8
WP_001010292.1,no_hit,11
WP_001010413.1,dna_rna_and_nucleotide_metabolism,4
WP_001010508.1,dna_rna_and_nucleotide_metabolism,4
WP_001010762.1,moron_auxiliary_metabolic_gene_and_host_takeover,8
WP_001011595.1,no_hit,11
WP_001012225.1,no_hit,11
WP_001012737.1,dna_rna_and_nucleotide_metabolism,4
WP_001013485.1,unknown_function,9
WP_001014063.1,other,6
WP_001014230.1,dna_rna_and_nucleotide_metabolism,4
WP_001015120.1,other,6
WP_001015500.1,no_hit,11
WP_001015549.1,no_hit,11
WP_001015601.1,integration_and_excision,10
WP_001016004.1,no_hit,11
WP_001016166.1,other,6
WP_001016306.1,lysis,1
WP_001017131.1,unknown_function,9
WP_001017423.1,no_hit,11
WP_001017867.1,unknown_function,9
WP_001018328.1,integration_and_excision,10
WP_001018677.1,transcription_regulation,7
WP_001018871.1,no_hit,11
WP_001018928.1,no_hit,11
WP_001018962.1,no_hit,11
WP_001019178.1,no_hit,11
WP_001019324.1,no_hit,11
WP_001019340.1,unknown_function,9
WP_001019815.1,moron_auxiliary_metabolic_gene_and_host_takeover,8
WP_001020016.1,moron_auxiliary_metabolic_gene_and_host_takeover,8
WP_001020625.1,transcription_regulation,7
WP_001020801.1,no_hit,11
WP_001021144.1,no_hit,11
WP_001021210.1,dna_rna_and_nucleotide_metabolism,4
WP_001021468.1,no_hit,11
WP_001021623.1,moron_auxiliary_metabolic_gene_and_host_takeover,8
WP_001022972.1,no_hit,11
WP_001024035.1,no_hit,11
WP_001024095.1,no_hit,11
WP_001024371.1,no_hit,11
WP_001024576.1,no_hit,11
WP_001024830.1,no_hit,11
WP_001025067.1,moron_auxiliary_metabolic_gene_and_host_takeover,8
WP_001025093.1,moron_auxiliary_metabolic_gene_and_host_takeover,8
WP_001025404.1,transcription_regulation,7
WP_001026122.1,other,6
WP_001027143.1,unknown_function,9
WP_001028200.1,dna_rna_and_nucleotide_metabolism,4
WP_001028283.1,no_hit,11
WP_001028376.1,moron_auxiliary_metabolic_gene_and_host_takeover,8
WP_001028429.1,no_hit,11
WP_001028775.1,no_hit,11
WP_001030080.1,no_hit,11
WP_001030125.1,unknown_function,9
WP_001030469.1,lysis,1
WP_001030720.1,moron_auxiliary_metabolic_gene_and_host_takeover,8
WP_001030736.1,no_hit,11
WP_001030772.1,no_hit,11
WP_001030823.1,no_hit,11
WP_001031409.1,head_and_packaging,5
WP_001031454.1,no_hit,11
WP_001031880.1,no_hit,11
WP_001031978.1,no_hit,11
WP_001032746.1,no_hit,11
WP_001032807.1,no_hit,11
WP_001032817.1,unknown_function,9
WP_001032833.1,no_hit,11
WP_001033018.1,no_hit,11
WP_001033761.1,dna_rna_and_nucleotide_metabolism,4
WP_001033865.1,unknown_function,9
WP_001033876.1,no_hit,11
WP_001033971.1,unknown_function,9
WP_001034758.1,no_hit,11
WP_001034766.1,no_hit,11
WP_001035599.1,tail,2
WP_001035616.1,no_hit,11
WP_001036648.1,no_hit,11
WP_001037440.1,unknown_function,9
WP_001037807.1,moron_auxiliary_metabolic_gene_and_host_takeover,8
WP_001037831.1,no_hit,11
WP_001038103.1,unknown_function,9
WP_001038317.1,dna_rna_and_nucleotide_metabolism,4
WP_001038704.1,tail,2
WP_001038752.1,tail,2
WP_001038872.1,tail,2
WP_001039275.1,unknown_function,9
WP_001039427.1,no_hit,11
WP_001039454.1,no_hit,11
WP_001039516.1,unknown_function,9
WP_001039659.1,no_hit,11
WP_001040248.1,no_hit,11
WP_001040568.1,other,6
WP_001040743.1,no_hit,11
WP_001041111.1,transcription_regulation,7
WP_001041274.1,moron_auxiliary_metabolic_gene_and_host_takeover,8
WP_001041351.1,no_hit,11
WP_001041583.1,no_hit,11
WP_001041666.1,lysis,1
WP_001041915.1,no_hit,11
WP_001043863.1,dna_rna_and_nucleotide_metabolism,4
WP_001044230.1,moron_auxiliary_metabolic_gene_and_host_takeover,8
WP_001044255.1,no_hit,11
WP_001044441.1,other,6
WP_001044560.1,lysis,1
WP_001044662.1,moron_auxiliary_metabolic_gene_and_host_takeover,8
WP_001044915.1,transcription_regulation,7
WP_001045079.1,unknown_function,9
WP_001045111.1,no_hit,11
WP_001045135.1,other,6
WP_001045423.1,other,6
WP_001046645.1,no_hit,11
WP_001047069.1,unknown_function,9
WP_001047238.1,no_hit,11
WP_001047698.1,unknown_function,9
WP_001048266.1,no_hit,11
WP_001048368.1,no_hit,11
WP_001048816.1,lysis,1
WP_001048985.1,moron_auxiliary_metabolic_gene_and_host_takeover,8
WP_001049150.1,no_hit,11
WP_001049165.1,head_and_packaging,5
WP_001049950.1,no_hit,11
WP_001050048.1,dna_rna_and_nucleotide_metabolism,4
WP_001050566.1,no_hit,11
WP_001050913.1,no_hit,11
WP_001051129.1,dna_rna_and_nucleotide_metabolism,4
WP_001051420.1,moron_auxiliary_metabolic_gene_and_host_takeover,8
WP_001051556.1,no_hit,11
WP_001051594.1,unknown_function,9
WP_001051856.1,no_hit,11
WP_001052270.1,moron_auxiliary_metabolic_gene_and_host_takeover,8
WP_001052484.1,no_hit,11
WP_001052491.1,no_hit,11
WP_001052571.1,no_hit,11
WP_001053372.1,unknown_function,9
WP_001054128.1,lysis,1
WP_001055897.1,unknown_function,9
WP_001056195.1,no_hit,11
WP_001056483.1,no_hit,11
WP_001057052.1,no_hit,11
WP_001057759.1,no_hit,11
WP_001057965.1,unknown_function,9
WP_001058111.1,dna_rna_and_nucleotide_metabolism,4
WP_001058299.1,transcription_regulation,7
WP_001058495.1,unknown_function,9
WP_001058587.1,dna_rna_and_nucleotide_metabolism,4
WP_001058848.1,no_hit,11
WP_001058993.1,no_hit,11
WP_001059079.1,other,6
WP_001059082.1,other,6
WP_001059690.1,moron_auxiliary_metabolic_gene_and_host_takeover,8
WP_001060127.1,unknown_function,9
WP_001060140.1,no_hit,11
WP_001060462.1,tail,2
WP_001060842.1,unknown_function,9
WP_001060935.1,no_hit,11
WP_001061264.1,no_hit,11
WP_001062176.1,dna_rna_and_nucleotide_metabolism,4
WP_001062663.1,no_hit,11
WP_001062946.1,no_hit,11
WP_001062972.1,no_hit,11
WP_001062984.1,other,6
WP_001063553.1,no_hit,11
WP_001064825.1,moron_auxiliary_metabolic_gene_and_host_takeover,8
WP_001065108.1,unknown_function,9
WP_001065268.1,no_hit,11
WP_001065591.1,moron_auxiliary_metabolic_gene_and_host_takeover,8
WP_001065801.1,no_hit,11
WP_001066548.1,moron_auxiliary_metabolic_gene_and_host_takeover,8
WP_001067052.1,moron_auxiliary_metabolic_gene_and_host_takeover,8
WP_001067261.1,no_hit,11
WP_001067294.1,dna_rna_and_nucleotide_metabolism,4
WP_001068337.1,no_hit,11
WP_001068501.1,unknown_function,9
WP_001068542.1,head_and_packaging,5
WP_001070676.1,no_hit,11
WP_001071136.1,moron_auxiliary_metabolic_gene_and_host_takeover,8
WP_001071595.1,no_hit,11
WP_001071606.1,no_hit,11
WP_001071729.1,no_hit,11
WP_001071971.1,unknown_function,9
WP_001072201.1,no_hit,11
WP_001074342.1,no_hit,11
WP_001074405.1,no_hit,11
WP_001074473.1,unknown_function,9
WP_001074534.1,lysis,1
WP_001074622.1,no_hit,11
WP_001074749.1,no_hit,11
WP_001075809.1,dna_rna_and_nucleotide_metabolism,4
WP_001076673.1,no_hit,11
WP_001077635.1,no_hit,11
WP_001077683.1,dna_rna_and_nucleotide_metabolism,4
WP_001077725.1,moron_auxiliary_metabolic_gene_and_host_takeover,8
WP_001077823.1,moron_auxiliary_metabolic_gene_and_host_takeover,8
WP_001078309.1,other,6
WP_001078344.1,unknown_function,9
WP_001078461.1,no_hit,11
WP_001079525.1,unknown_function,9
WP_001080281.1,moron_auxiliary_metabolic_gene_and_host_takeover,8
WP_001080466.1,lysis,1
WP_001080809.1,other,6
WP_001080824.1,no_hit,11
WP_001081351.1,no_hit,11
WP_001081626.1,moron_auxiliary_metabolic_gene_and_host_takeover,8
WP_001081640.1,no_hit,11
WP_001081693.1,other,6
WP_001083318.1,no_hit,11
WP_001083499.1,moron_auxiliary_metabolic_gene_and_host_takeover,8
WP_001084442.1,dna_rna_and_nucleotide_metabolism,4
WP_001085183.1,no_hit,11
WP_001085219.1,dna_rna_and_nucleotide_metabolism,4
WP_001085507.1,no_hit,11
WP_001085655.1,transcription_regulation,7
WP_001085792.1,connector,3
WP_001086737.1,head_and_packaging,5
WP_001088020.1,no_hit,11
WP_001088978.1,moron_auxiliary_metabolic_gene_and_host_takeover,8
WP_001089094.1,no_hit,11
WP_001089621.1,no_hit,11
WP_001090985.1,transcription_regulation,7
WP_001091387.1,no_hit,11
WP_001092004.1,no_hit,11
WP_001092058.1,other,6
WP_001092169.1,no_hit,11
WP_001092411.1,no_hit,11
WP_001092780.1,no_hit,11
WP_001093562.1,no_hit,11
WP_001094394.1,no_hit,11
WP_001094921.1,unknown_function,9
WP_001095260.1,no_hit,11
WP_001096113.1,no_hit,11
WP_001096355.1,connector,3
WP_001096381.1,unknown_function,9
WP_001096471.1,integration_and_excision,10
WP_001096495.1,head_and_packaging,5
WP_001096577.1,transcription_regulation,7
WP_001096633.1,no_hit,11
WP_001100299.1,unknown_function,9
WP_001100526.1,no_hit,11
WP_001100835.1,moron_auxiliary_metabolic_gene_and_host_takeover,8
WP_001101602.1,dna_rna_and_nucleotide_metabolism,4
WP_001101899.1,no_hit,11
WP_001103231.1,no_hit,11
WP_001103743.1,lysis,1
WP_001104165.1,no_hit,11
WP_001104607.1,dna_rna_and_nucleotide_metabolism,4
WP_001105088.1,unknown_function,9
WP_001105696.1,unknown_function,9
WP_001106057.1,integration_and_excision,10
WP_001106104.1,no_hit,11
WP_001106654.1,no_hit,11
WP_001106740.1,dna_rna_and_nucleotide_metabolism,4
WP_001107235.1,no_hit,11
WP_001108116.1,no_hit,11
WP_001108346.1,other,6
WP_001108483.1,no_hit,11
WP_001108547.1,moron_auxiliary_metabolic_gene_and_host_takeover,8
WP_001108889.1,no_hit,11
WP_001109040.1,dna_rna_and_nucleotide_metabolism,4
WP_001109281.1,dna_rna_and_nucleotide_metabolism,4
WP_001109873.1,dna_rna_and_nucleotide_metabolism,4
WP_001109939.1,unknown_function,9
WP_001110061.1,other,6
WP_001110179.1,transcription_regulation,7
WP_001112045.1,dna_rna_and_nucleotide_metabolism,4
WP_001113093.1,moron_auxiliary_metabolic_gene_and_host_takeover,8
WP_001113406.1,moron_auxiliary_metabolic_gene_and_host_takeover,8
WP_001114454.1,dna_rna_and_nucleotide_metabolism,4
WP_001115097.1,no_hit,11
WP_001115439.1,head_and_packaging,5
WP_001117049.1,no_hit,11
WP_001117064.1,head_and_packaging,5
WP_001117767.1,other,6
WP_001118417.1,no_hit,11
WP_001118443.1,transcription_regulation,7
WP_001118652.1,no_hit,11
WP_001118667.1,no_hit,11
WP_001118675.1,no_hit,11
WP_001118725.1,no_hit,11
WP_001119021.1,dna_rna_and_nucleotide_metabolism,4
WP_001120201.1,no_hit,11
WP_001121760.1,head_and_packaging,5
WP_001123276.1,unknown_function,9
WP_001123303.1,no_hit,11
WP_001124167.1,tail,2
WP_001124422.1,transcription_regulation,7
WP_001124506.1,no_hit,11
WP_001124985.1,no_hit,11
WP_001125208.1,no_hit,11
WP_001125540.1,unknown_function,9
WP_001125628.1,no_hit,11
WP_001126259.1,no_hit,11
WP_001126606.1,no_hit,11
WP_001126664.1,unknown_function,9
WP_001127167.1,no_hit,11
WP_001127269.1,dna_rna_and_nucleotide_metabolism,4
WP_001127689.1,moron_auxiliary_metabolic_gene_and_host_takeover,8
WP_001127960.1,no_hit,11
WP_001129473.1,lysis,1
WP_001129749.1,unknown_function,9
WP_001130051.1,dna_rna_and_nucleotide_metabolism,4
WP_001131841.1,no_hit,11
WP_001133021.1,no_hit,11
WP_001134194.1,dna_rna_and_nucleotide_metabolism,4
WP_001137481.1,no_hit,11
WP_001137495.1,no_hit,11
WP_001138360.1,no_hit,11
WP_001140234.1,no_hit,11
WP_001140693.1,no_hit,11
WP_001140799.1,unknown_function,9
WP_001140871.1,no_hit,11
WP_001141007.1,moron_auxiliary_metabolic_gene_and_host_takeover,8
WP_001141883.1,unknown_function,9
WP_001142337.1,dna_rna_and_nucleotide_metabolism,4
WP_001143495.1,no_hit,11
WP_001146763.1,no_hit,11
WP_001147865.1,dna_rna_and_nucleotide_metabolism,4
WP_001147952.1,no_hit,11
WP_001147974.1,moron_auxiliary_metabolic_gene_and_host_takeover,8
WP_001148605.1,no_hit,11
WP_001148856.1,no_hit,11
WP_001151451.1,no_hit,11
WP_001151509.1,dna_rna_and_nucleotide_metabolism,4
WP_001151890.1,no_hit,11
WP_001151997.1,moron_auxiliary_metabolic_gene_and_host_takeover,8
WP_001153742.1,unknown_function,9
WP_001154223.1,unknown_function,9
WP_001154302.1,no_hit,11
WP_001154619.1,head_and_packaging,5
WP_001155278.1,dna_rna_and_nucleotide_metabolism,4
WP_001157329.1,moron_auxiliary_metabolic_gene_and_host_takeover,8
WP_001159037.1,dna_rna_and_nucleotide_metabolism,4
WP_001159430.1,moron_auxiliary_metabolic_gene_and_host_takeover,8
WP_001159765.1,no_hit,11
WP_001159898.1,moron_auxiliary_metabolic_gene_and_host_takeover,8
WP_001160682.1,moron_auxiliary_metabolic_gene_and_host_takeover,8
WP_001161085.1,moron_auxiliary_metabolic_gene_and_host_takeover,8
WP_001162352.1,no_hit,11
WP_001163746.1,no_hit,11
WP_001163801.1,no_hit,11
WP_001164085.1,other,6
WP_001165058.1,no_hit,11
WP_001165363.1,connector,3
WP_001165377.1,no_hit,11
WP_001165959.1,no_hit,11
WP_001166500.1,no_hit,11
WP_001167158.1,other,6
WP_001167828.1,no_hit,11
WP_001167888.1,other,6
WP_001168903.1,moron_auxiliary_metabolic_gene_and_host_takeover,8
WP_001170264.1,lysis,1
WP_001171335.1,no_hit,11
WP_001172341.1,no_hit,11
WP_001173165.1,moron_auxiliary_metabolic_gene_and_host_takeover,8
WP_001173201.1,no_hit,11
WP_001174258.1,no_hit,11
WP_001175781.1,no_hit,11
WP_001176709.1,integration_and_excision,10
WP_001176863.1,head_and_packaging,5
WP_001176969.1,no_hit,11
WP_001177186.1,unknown_function,9
WP_001177828.1,no_hit,11
WP_001178619.1,moron_auxiliary_metabolic_gene_and_host_takeover,8
WP_001178942.1,dna_rna_and_nucleotide_metabolism,4
WP_001179385.1,no_hit,11
WP_001179886.1,dna_rna_and_nucleotide_metabolism,4
WP_001180222.1,no_hit,11
WP_001180280.1,moron_auxiliary_metabolic_gene_and_host_takeover,8
WP_001181101.1,dna_rna_and_nucleotide_metabolism,4
WP_001182436.1,other,6
WP_001183429.1,no_hit,11
WP_001183854.1,moron_auxiliary_metabolic_gene_and_host_takeover,8
WP_001184011.1,dna_rna_and_nucleotide_metabolism,4
WP_001185190.1,unknown_function,9
WP_001185421.1,other,6
WP_001185431.1,moron_auxiliary_metabolic_gene_and_host_takeover,8
WP_001185462.1,no_hit,11
WP_001185695.1,moron_auxiliary_metabolic_gene_and_host_takeover,8
WP_001186602.1,integration_and_excision,10
WP_001186804.1,no_hit,11
WP_001186912.1,moron_auxiliary_metabolic_gene_and_host_takeover,8
WP_001187630.1,no_hit,11
WP_001188043.1,no_hit,11
WP_001188472.1,dna_rna_and_nucleotide_metabolism,4
WP_001190120.1,no_hit,11
WP_001190615.1,no_hit,11
WP_001190829.1,no_hit,11
WP_001190841.1,no_hit,11
WP_001190913.1,no_hit,11
WP_001190998.1,no_hit,11
WP_001191874.1,unknown_function,9
WP_001191954.1,dna_rna_and_nucleotide_metabolism,4
WP_001192075.1,moron_auxiliary_metabolic_gene_and_host_takeover,8
WP_001196362.1,no_hit,11
WP_001198024.1,moron_auxiliary_metabolic_gene_and_host_takeover,8
WP_001200542.1,moron_auxiliary_metabolic_gene_and_host_takeover,8
WP_001200747.1,no_hit,11
WP_001205732.1,unknown_function,9
WP_001205912.1,moron_auxiliary_metabolic_gene_and_host_takeover,8
WP_001206093.1,no_hit,11
WP_001208755.1,no_hit,11
WP_001208917.1,no_hit,11
WP_001213021.1,other,6
WP_001213908.1,moron_auxiliary_metabolic_gene_and_host_takeover,8
WP_001213992.1,head_and_packaging,5
WP_001214661.1,no_hit,11
WP_001215907.1,no_hit,11
WP_001216898.1,no_hit,11
WP_001217125.1,no_hit,11
WP_001217257.1,no_hit,11
WP_001217728.1,no_hit,11
WP_001217791.1,no_hit,11
WP_001217926.1,no_hit,11
WP_001218596.1,no_hit,11
WP_001218732.1,no_hit,11
WP_001220199.1,dna_rna_and_nucleotide_metabolism,4
WP_001220811.1,no_hit,11
WP_001221404.1,unknown_function,9
WP_001221646.1,no_hit,11
WP_001221651.1,unknown_function,9
WP_001221853.1,no_hit,11
WP_001222105.1,no_hit,11
WP_001222133.1,unknown_function,9
WP_001223008.1,no_hit,11
WP_001223713.1,dna_rna_and_nucleotide_metabolism,4
WP_001224187.1,no_hit,11
WP_001224379.1,unknown_function,9
WP_001224793.1,no_hit,11
WP_001225022.1,head_and_packaging,5
WP_001226823.1,no_hit,11
WP_001227709.1,no_hit,11
WP_001228167.1,no_hit,11
WP_001229087.1,no_hit,11
WP_001229920.1,moron_auxiliary_metabolic_gene_and_host_takeover,8
WP_001230232.1,dna_rna_and_nucleotide_metabolism,4
WP_001230679.1,dna_rna_and_nucleotide_metabolism,4
WP_001231451.1,no_hit,11
WP_001232648.1,no_hit,11
WP_001233397.1,moron_auxiliary_metabolic_gene_and_host_takeover,8
WP_001234988.1,no_hit,11
WP_001236362.1,no_hit,11
WP_001236371.1,unknown_function,9
WP_001236734.1,no_hit,11
WP_001237004.1,moron_auxiliary_metabolic_gene_and_host_takeover,8
WP_001237506.1,unknown_function,9
WP_001237629.1,unknown_function,9
WP_001239282.1,unknown_function,9
WP_001240318.1,no_hit,11
WP_001240826.1,head_and_packaging,5
WP_001241182.1,dna_rna_and_nucleotide_metabolism,4
WP_001241246.1,dna_rna_and_nucleotide_metabolism,4
WP_001242103.1,unknown_function,9
WP_001242311.1,no_hit,11
WP_001242427.1,dna_rna_and_nucleotide_metabolism,4
WP_001242578.1,no_hit,11
WP_001244175.1,no_hit,11
WP_001244298.1,unknown_function,9
WP_001245577.1,unknown_function,9
WP_001245796.1,transcription_regulation,7
WP_001246008.1,transcription_regulation,7
WP_001246555.1,moron_auxiliary_metabolic_gene_and_host_takeover,8
WP_001246685.1,no_hit,11
WP_001248939.1,no_hit,11
WP_001249275.1,dna_rna_and_nucleotide_metabolism,4
WP_001250038.1,no_hit,11
WP_001250275.1,unknown_function,9
WP_001250343.1,dna_rna_and_nucleotide_metabolism,4
WP_001251224.1,no_hit,11
WP_001251935.1,transcription_regulation,7
WP_001252543.1,no_hit,11
WP_001253190.1,no_hit,11
WP_001253312.1,no_hit,11
WP_001253432.1,no_hit,11
WP_001253464.1,moron_auxiliary_metabolic_gene_and_host_takeover,8
WP_001255461.1,head_and_packaging,5
WP_001255780.1,no_hit,11
WP_001259672.1,transcription_regulation,7
WP_001259925.1,moron_auxiliary_metabolic_gene_and_host_takeover,8
WP_001260044.1,no_hit,11
WP_001260089.1,no_hit,11
WP_001261460.1,no_hit,11
WP_001261668.1,no_hit,11
WP_001261793.1,other,6
WP_001261987.1,no_hit,11
WP_001262621.1,no_hit,11
WP_001263796.1,other,6
WP_001265708.1,unknown_function,9
WP_001265709.1,unknown_function,9
WP_001266161.1,no_hit,11
WP_001266553.1,no_hit,11
WP_001269643.1,no_hit,11
WP_001269921.1,no_hit,11
WP_001270822.1,no_hit,11
WP_001270834.1,no_hit,11
WP_001270865.1,no_hit,11
WP_001272126.1,other,6
WP_001273060.1,other,6
WP_001273085.1,no_hit,11
WP_001273586.1,head_and_packaging,5
WP_001274017.1,head_and_packaging,5
WP_001276571.1,no_hit,11
WP_001279338.1,no_hit,11
WP_001279375.1,no_hit,11
WP_001280006.1,transcription_regulation,7
WP_001280022.1,unknown_function,9
WP_001280137.1,dna_rna_and_nucleotide_metabolism,4
WP_001281154.1,no_hit,11
WP_001282077.1,unknown_function,9
WP_001282560.1,no_hit,11
WP_001282728.1,transcription_regulation,7
WP_001283057.1,transcription_regulation,7
WP_001283312.1,no_hit,11
WP_001283444.1,no_hit,11
WP_001283612.1,transcription_regulation,7
WP_001283678.1,no_hit,11
WP_001283792.1,dna_rna_and_nucleotide_metabolism,4
WP_001284282.1,no_hit,11
WP_001286320.1,transcription_regulation,7
WP_001286928.1,no_hit,11
WP_001287087.1,unknown_function,9
WP_001287099.1,no_hit,11
WP_001288051.1,moron_auxiliary_metabolic_gene_and_host_takeover,8
WP_001288202.1,no_hit,11
WP_001288302.1,no_hit,11
WP_001288675.1,unknown_function,9
WP_001289562.1,dna_rna_and_nucleotide_metabolism,4
WP_001289618.1,no_hit,11
WP_001289711.1,no_hit,11
WP_001290433.1,no_hit,11
WP_001291020.1,dna_rna_and_nucleotide_metabolism,4
WP_001291497.1,other,6
WP_001291518.1,no_hit,11
WP_001291533.1,no_hit,11
WP_001292149.1,head_and_packaging,5
WP_001292242.1,no_hit,11
WP_001293088.1,head_and_packaging,5
WP_001293312.1,no_hit,11
WP_001294626.1,unknown_function,9
WP_001548498.1,transcription_regulation,7
WP_001548538.1,no_hit,11
WP_001548613.1,dna_rna_and_nucleotide_metabolism,4
WP_001549167.1,unknown_function,9
WP_001549577.1,moron_auxiliary_metabolic_gene_and_host_takeover,8
WP_001549681.1,moron_auxiliary_metabolic_gene_and_host_takeover,8
WP_001549718.1,unknown_function,9
WP_001549787.1,moron_auxiliary_metabolic_gene_and_host_takeover,8
WP_001549802.1,unknown_function,9
WP_001550030.1,moron_auxiliary_metabolic_gene_and_host_takeover,8
WP_001557152.1,no_hit,11
WP_001557159.1,moron_auxiliary_metabolic_gene_and_host_takeover,8
WP_001557163.1,integration_and_excision,10
WP_001557168.1,no_hit,11
WP_001557172.1,dna_rna_and_nucleotide_metabolism,4
WP_001557331.1,dna_rna_and_nucleotide_metabolism,4
WP_001557340.1,dna_rna_and_nucleotide_metabolism,4
WP_001557355.1,dna_rna_and_nucleotide_metabolism,4
WP_001557361.1,unknown_function,9
WP_001557362.1,unknown_function,9
WP_001557386.1,dna_rna_and_nucleotide_metabolism,4
WP_001557448.1,unknown_function,9
WP_001557458.1,no_hit,11
WP_001557462.1,unknown_function,9
WP_001557494.1,other,6
WP_001557523.1,moron_auxiliary_metabolic_gene_and_host_takeover,8
WP_001557544.1,dna_rna_and_nucleotide_metabolism,4
WP_001557561.1,no_hit,11
WP_001557587.1,transcription_regulation,7
WP_001557593.1,dna_rna_and_nucleotide_metabolism,4
WP_001557594.1,dna_rna_and_nucleotide_metabolism,4
WP_001557596.1,no_hit,11
WP_001557597.1,dna_rna_and_nucleotide_metabolism,4
WP_001558608.1,moron_auxiliary_metabolic_gene_and_host_takeover,8
WP_001788193.1,unknown_function,9
WP_001788197.1,dna_rna_and_nucleotide_metabolism,4
WP_001788276.1,unknown_function,9
WP_001788321.1,unknown_function,9
WP_001788366.1,moron_auxiliary_metabolic_gene_and_host_takeover,8
WP_001788579.1,unknown_function,9
WP_001788617.1,unknown_function,9
WP_001788625.1,unknown_function,9
WP_001788648.1,no_hit,11
WP_001788716.1,unknown_function,9
WP_001788758.1,unknown_function,9
WP_001788788.1,transcription_regulation,7
WP_001788819.1,transcription_regulation,7
WP_001788897.1,unknown_function,9
WP_001788899.1,no_hit,11
WP_001788970.1,unknown_function,9
WP_001788994.1,unknown_function,9
WP_001789076.1,unknown_function,9
WP_001789136.1,transcription_regulation,7
WP_001789152.1,unknown_function,9
WP_001789304.1,unknown_function,9
WP_001789343.1,dna_rna_and_nucleotide_metabolism,4
WP_001789359.1,no_hit,11
WP_001789407.1,unknown_function,9
WP_001789536.1,unknown_function,9
WP_001789566.1,unknown_function,9
WP_001789600.1,unknown_function,9
WP_001789641.1,unknown_function,9
WP_001789654.1,unknown_function,9
WP_001789860.1,unknown_function,9
WP_001789875.1,unknown_function,9
WP_001789890.1,unknown_function,9
WP_001789897.1,unknown_function,9
WP_001789900.1,unknown_function,9
WP_001789908.1,unknown_function,9
WP_001789925.1,unknown_function,9
WP_001789935.1,transcription_regulation,7
WP_001789973.1,unknown_function,9
WP_001789984.1,unknown_function,9
WP_001790000.1,transcription_regulation,7
WP_001790092.1,no_hit,11
WP_001790128.1,unknown_function,9
WP_001790154.1,unknown_function,9
WP_001790158.1,unknown_function,9
WP_001790177.1,unknown_function,9
WP_001790257.1,unknown_function,9
WP_001790547.1,connector,3
WP_001790559.1,unknown_function,9
WP_001790560.1,unknown_function,9
WP_001790562.1,other,6
WP_001790611.1,unknown_function,9
WP_001790628.1,unknown_function,9
WP_001790652.1,transcription_regulation,7
WP_001790661.1,unknown_function,9
WP_001790679.1,unknown_function,9
WP_001790712.1,unknown_function,9
WP_001791162.1,no_hit,11
WP_001791329.1,unknown_function,9
WP_001791613.1,unknown_function,9
WP_001791678.1,unknown_function,9
WP_001791731.1,other,6
WP_001791736.1,unknown_function,9
WP_001791787.1,unknown_function,9
WP_001791797.1,unknown_function,9
WP_001791826.1,unknown_function,9
WP_001791844.1,unknown_function,9
WP_001791851.1,unknown_function,9
WP_001791963.1,unknown_function,9
WP_001791975.1,unknown_function,9
WP_001791976.1,unknown_function,9
WP_001791980.1,unknown_function,9
WP_001791990.1,unknown_function,9
WP_001792025.1,unknown_function,9
WP_001792047.1,unknown_function,9
WP_001792054.1,transcription_regulation,7
WP_001792055.1,unknown_function,9
WP_001792072.1,no_hit,11
WP_001792075.1,unknown_function,9
WP_001792089.1,unknown_function,9
WP_001792090.1,unknown_function,9
WP_001792097.1,unknown_function,9
WP_001792107.1,moron_auxiliary_metabolic_gene_and_host_takeover,8
WP_001792109.1,unknown_function,9
WP_001792132.1,unknown_function,9
WP_001792137.1,unknown_function,9
WP_001792139.1,dna_rna_and_nucleotide_metabolism,4
WP_001792175.1,unknown_function,9
WP_001792184.1,unknown_function,9
WP_001792205.1,unknown_function,9
WP_001792264.1,unknown_function,9
WP_001792272.1,unknown_function,9
WP_001792725.1,no_hit,11
WP_001792784.1,transcription_regulation,7
WP_001792906.1,lysis,1
WP_001793228.1,moron_auxiliary_metabolic_gene_and_host_takeover,8
WP_001793242.1,dna_rna_and_nucleotide_metabolism,4
WP_001793526.1,transcription_regulation,7
WP_001794540.1,lysis,1
WP_001794550.1,moron_auxiliary_metabolic_gene_and_host_takeover,8
WP_001795108.1,no_hit,11
WP_001795157.1,no_hit,11
WP_001795210.1,unknown_function,9
WP_001795266.1,unknown_function,9
WP_001795272.1,no_hit,11
WP_001795286.1,lysis,1
WP_001795344.1,no_hit,11
WP_001795345.1,no_hit,11
WP_001795358.1,no_hit,11
WP_001795785.1,transcription_regulation,7
WP_001796353.1,unknown_function,9
WP_001796914.1,moron_auxiliary_metabolic_gene_and_host_takeover,8
WP_001797059.1,dna_rna_and_nucleotide_metabolism,4
WP_001797134.1,unknown_function,9
WP_001797236.1,moron_auxiliary_metabolic_gene_and_host_takeover,8
WP_001797239.1,lysis,1
WP_001797248.1,unknown_function,9
WP_001797427.1,tail,2
WP_001797828.1,no_hit,11
WP_001797872.1,no_hit,11
WP_001800578.1,unknown_function,9
WP_001800884.1,moron_auxiliary_metabolic_gene_and_host_takeover,8
WP_001800966.1,no_hit,11
WP_001801792.1,moron_auxiliary_metabolic_gene_and_host_takeover,8
WP_001801861.1,unknown_function,9
WP_001801873.1,no_hit,11
WP_001801916.1,unknown_function,9
WP_001801924.1,unknown_function,9
WP_001801936.1,dna_rna_and_nucleotide_metabolism,4
WP_001802007.1,unknown_function,9
WP_001802013.1,dna_rna_and_nucleotide_metabolism,4
WP_001802015.1,dna_rna_and_nucleotide_metabolism,4
WP_001802022.1,no_hit,11
WP_001802045.1,no_hit,11
WP_001802255.1,unknown_function,9
WP_001802298.1,unknown_function,9
WP_001802312.1,unknown_function,9
WP_001803470.1,no_hit,11
WP_001805237.1,no_hit,11
WP_001805835.1,no_hit,11
WP_001808705.1,dna_rna_and_nucleotide_metabolism,4
WP_001817700.1,transcription_regulation,7
WP_001822554.1,moron_auxiliary_metabolic_gene_and_host_takeover,8
WP_001822575.1,moron_auxiliary_metabolic_gene_and_host_takeover,8
WP_001822900.1,no_hit,11
WP_001827022.1,other,6
WP_001835549.1,dna_rna_and_nucleotide_metabolism,4
WP_001838797.1,moron_auxiliary_metabolic_gene_and_host_takeover,8
WP_010922808.1,unknown_function,9
WP_010922818.1,unknown_function,9
WP_010922821.1,unknown_function,9
WP_010922824.1,moron_auxiliary_metabolic_gene_and_host_takeover,8
WP_010922839.1,no_hit,11
WP_010956549.1,no_hit,11
WP_010956583.1,unknown_function,9
WP_010959190.1,unknown_function,9
WP_012840521.1,no_hit,11
WP_012840523.1,no_hit,11
WP_014373779.1,unknown_function,9
WP_014373780.1,unknown_function,9
WP_014373781.1,unknown_function,9
WP_014532405.1,unknown_function,9
WP_014532416.1,unknown_function,9
WP_015445861.1,no_hit,11
WP_020444595.1,other,6
WP_020977619.1,no_hit,11
WP_020978245.1,no_hit,11
WP_031760357.1,unknown_function,9
WP_031761395.1,unknown_function,9
WP_031761401.1,unknown_function,9
WP_031761406.1,unknown_function,9
WP_031761471.1,unknown_function,9
WP_031761472.1,unknown_function,9
WP_031761989.1,unknown_function,9
WP_031762133.1,unknown_function,9
WP_031762187.1,unknown_function,9
WP_031762269.1,unknown_function,9
WP_031762631.1,unknown_function,9
WP_031775727.1,unknown_function,9
WP_031790901.1,no_hit,11
WP_031888515.1,transcription_regulation,7
WP_041202030.1,moron_auxiliary_metabolic_gene_and_host_takeover,8
WP_064135358.1,other,6
WP_072353785.1,unknown_function,9
WP_072362001.1,moron_auxiliary_metabolic_gene_and_host_takeover,8
WP_072398278.1,unknown_function,9
WP_072416008.1,unknown_function,9
WP_075339405.1,dna_rna_and_nucleotide_metabolism,4
WP_078061229.1,no_hit,11
WP_078072290.1,no_hit,11
WP_078367953.1,no_hit,11
WP_223181132.1,unknown_function,9
WP_223181133.1,unknown_function,9
WP_223197974.1,unknown_function,9
WP_223197975.1,unknown_function,9
WP_223197981.1,unknown_function,9
WP_228764722.1,unknown_function,9
WP_305956627.1,transcription_regulation,7
WP_370591525.1,unknown_function,9
